ADJ			
ADJ	a	-a	ESS
ADJ			.ABS
ADJ	ai	-ae	INS
ADJ	ama	-a=ma	ESS=CON
ADJ	am	-a=m	ESS=CON
ADJ	amma	-a=mma	ESS=2SG.ABS
ADJ	ma	=ma	.ABS=CON
ADJ	naan	-na=an	RELAT.PL.ABS=CON
ADJ	naaša	-na-až-a	RELAT.PL-PL-DAT/ESS
ADJ	nama	-na=ma	RELAT.PL.ABS=CON
ADJ	-nam	-na=m	RELAT.PL.ABS=CON
ADJ	na	-na	RELAT.PL.ABS
ADJ	naša	-na-až-a	RELAT.PL-PL-DAT/ESS
ADJ	našuš	-na-až-ož	RELAT.PL-PL-ERG
ADJ	nia	-ne-va	RELAT.SG-DAT
ADJ	nii	-ne-e	RELAT.SG-DIR/LOC
ADJ	nima	-ne-e=ma	RELAT.SG-DIR/LOC=CON
ADJ	ni	-ne	ABL/INS
ADJ	ni	-ne-e	RELAT.SG-DIR/LOC
ADJ	ninna	-ne-nna	RELAT.SG-EQU2
ADJ	nin	-ne-n	RELAT.SG-ABL/INS
ADJ	nipa	-ne-va	RELAT.SG-DAT
ADJ	nipa	-ne-ve-a	RELAT.SG-GEN-ESS
ADJ	niš	-ne-ž	RELAT.SG-ERG
ADJ	nišša	-ne-ž=nna	RELAT.SG-ERG=3SG.ABS
ADJ	n	-n	ABL/INS
ADJ	n	=n	.ABS=3SG.ABS
ADJ	n	=n	.ABS=CON
ADJ	nnam	=nna=m	.ABS=3SG.ABS=CON
ADJ	nnam	-n=nna=m	ABL/INS=3SG.ABS=CON
ADJ	p	-v	2POSS.SG.ABS
ADJ	ra	-ra	COM
ADJ	š	-ž	ERG
ADJ	ta	-da	DIR
ADJ	ušnna	-ož=nna	EQU=3SG.ABS
ADJ	uš	-ož	EQU
ADV			
ADV	amma	-a=mma	ESS=CON
ADV	lan	=l=an	=3PL.ABS=CON
ADV	lla	=lla	=3PL.ABS
ADV	ma	=ma	=CON
ADV	m	=m	=2SG.ABS
ADV	mma	=mma	=2SG.ABS
ADV	mma	=mma	.ABS=2SG.ABS
ADV	mma	=mma	.ABS=CON
ADV	mma	=mma	=CON
ADV	mman	=mma=an	=2SG.ABS=CON
ADV	mmap	=mma=m	=2SG.ABS=CON
ADV	m	=m	=CON
ADV	nam	=nna=m	=3SG.ABS=CON
ADV	nan	=n=an	=3SG.ABS=CON
ADV	nin	-ne=n	ABL/INS=3SG.ABS
ADV	nin	-ne-n	RELAT.SG-ABL/INS
ADV	niš	-ne-ž	RELAT.SG-ERG
ADV	n	=n	=3SG.ABS
ADV	n	-n	ABL/INS
ADV	nnam	=nna=m	=3SG.ABS=CON
ADV	nna	=nna	=3SG.ABS
ADV	nna	=nna	.ABS=3SG.ABS
ADV	n	=n	=CON
ADV	t	=d	=1SG.ABS
ADV	ttan	=tta=an	=1SG.ABS=CON
ADV	tta	=tta	=1SG.ABS
CONJ			
CONJ	l	=l	=3PL.ABS
CONJ	ma	=ma	=CON
CONJ	man	=m=an	=2SG.ABS=CON
CONJ	man	=mān	=CON
CONJ	mi	=mē	=3SG.ABS
CONJ	m	=m	=2SG.ABS
CONJ	m	=m	.ABS=2SG.ABS
CONJ	m	=m	.ABS=CON
CONJ	mma	=mma	=2SG.ABS
CONJ	mmanan	=mma=nan	=2SG.ABS=CON
CONJ	mman	=mma=an	=2SG.ABS=CON
CONJ	m	=m	=CON
CONJ	nan	=n=an	=3SG.ABS=CON
CONJ	n	=n	=3SG.ABS
CONJ	n	=n	=CON
CONJ	pan	=v=an	=2PL.ABS=CON
CONJ	p	=m	=2SG.ABS
CONJ	t	=d	=1SG.ABS
CONJ	tta	=tta	=1SG.ABS
INTJ			
INTJ	l	=l	=3PL.ABS
NF	nii	-ne-e	RELAT.SG-DIR/LOC
NF	umini	-umme-ne	umme-ABL/INS
NF	umminim	-umme-ne-e=m	INF-RELAT.SG-DIR/LOC=2SG.ABS
NF	umminim	-umme-ne-e=m	INF-RELAT.SG-DIR/LOC=CON
NF	umminim	-umme-ne=m	INF-ABL/INS=2SG.ABS
NF	umminim	-umme-ne=m	INF-ABL/INS=CON
NF	ummini	-umme-ne-e	INF-RELAT.SG-DIR/LOC
NF	ummini	-umme-ne	INF-ABL/INS
NF	ummi	-umme	INF.ABS
noun	a	-a	ESS
noun	a	-a	INT
noun	aan	-a=an	ESS=CON
noun			.ABS
noun	a	-i-a	3POSS.SG-ESS
noun	ai	-ae	INS
noun	ai	-i-ae	3POSS.SG-INS
noun	ail	-ae=l	INS=3PL.ABS
noun	ailan	-ae=l=an	INS=3PL.ABS=CON
noun	ailla	-ae=lla	INS=3PL.ABS
noun	aima	-ae=ma	INS=CON
noun	aim	-ae=m	INS=2SG.ABS
noun	aim	-ae=m	INS=CON
noun	ain	-ae=n	INS=3SG.ABS
noun	ain	-ae=n	INS=CON
noun	aip	-ae=v	INS=2PL.ABS
noun	ait	-ae=d	INS=1SG.ABS
noun	aitta	-ae=tta	INS=1SG.ABS
noun	al	-a=l	.ABS-EPNTH=3PL.ABS
noun	al	-a=l	ESS=3PL.ABS
noun	al	-i-a=l	3POSS.SG-ESS=3PL.ABS
noun	alla	-a=lla	ESS=3PL.ABS
noun	allama	-a=lla=ma	ESS=3PL.ABS=CON
noun	ama	-a=ma	ESS=CON
noun	ama	-i-a=ma	3POSS.SG-ESS=CON
noun	am	-a=m	ESS=2SG.ABS
noun	am	-a=m	ESS=CON
noun	aman	-a=m=an	ESS=2SG.ABS=CON
noun	aman	-a=mān	ESS=CON
noun	am	-i-a=m	3POSS.SG-ESS=CON
noun	amma	-a=mma	ESS=2SG.ABS
noun	amma	-a=mma	ESS=CON
noun	an	-a=an	ESS=CON
noun	an	=an	.ABS=CON
noun	anan	-a=n=an	ESS=3SG.ABS=CON
noun	an	-a=n	ESS=3SG.ABS
noun	an	-i-a=n	3POSS.SG-ESS=3SG.ABS
noun	ani	-an-i	an-ANTIP
noun	ani	-i-ane	3POSS.SG-ABL/INS
noun	anii	-i-ane	3POSS.SG-ABL/INS
noun	anim	-a=n=i=m	ESS=3SG.ABS=EPNTH=CON
noun	anm	-a=n=m	ESS=3SG.ABS=CON
noun	anna	-a=nna	ESS=3SG.ABS
noun	apan	-a=v=an	ESS=2PL.ABS=CON
noun	ap	-a=v	ESS=2PL.ABS
noun	ap	-i-a=m	3POSS.SG-ESS=CON
noun	appa	-a=ffa	ESS=2PL.ABS
noun	aša	-i-až-a	3POSS-PL-DAT/ESS
noun	aša	-i-až-a	3POSS.SG-PL-DAT/ESS
noun	ašal	-i-až-a=l	3POSS-PL-DAT/ESS=3PL.ABS
noun	ašama	-i-až-a=ma	3POSS-PL-DAT/ESS=CON
noun	aš	-až	ERG
noun	aš	-i-až	3POSS-PL.ABS
noun	ašl	-až=l	ERG=3PL.ABS
noun	ašnna	-až=nna	ERG=3SG.ABS
noun	ašpinii	-až-ve-ne-e	PL-GEN-RELAT.SG-DIR/LOC
noun	ašta	-i-až-da	3POSS-PL-DIR
noun	at	-a=d	ESS=1SG.ABS
noun	atil	-a=dil	ESS=1PL.ABS
noun	atta	-a=tta	ESS=1SG.ABS
noun	attama	-a=tta=ma	ESS=1SG.ABS=CON
noun	attam	-a=tta=m	ESS=1SG.ABS=CON
noun	(-)ḫatultašši		.ABS
noun	ḫi	-ġe	ADJ.ABS
noun	ḫina	-ġe-na	ADJ-RELAT.PL.ABS
noun	ḫinama	-ġe-na=ma	ADJ-RELAT.PL.ABS=CON
noun	ḫinamma	-ġe-na=mma	ADJ-RELAT.PL.ABS=CON
noun	ḫinaš	-ġe-ne-ž	ADJ-RELAT.SG-ERG
noun	ḫinipina	-ġe-ne-ve-na	ADJ-RELAT.SG-GEN-RELAT.PL.ABS
noun	ḫipi	-ġe-ve	ADJ-GEN
noun	(-)ḫuštal		.ABS
noun	i	-ae	INS
noun	ia	-i-a	3POSS.SG-ESS
noun	iaša	-i-až-a	3POSS-PL-DAT/ESS
noun	iaš	-i-až	3POSS-PL.ABS
noun	iat	-i-a=d	3POSS.SG-ESS=1SG.ABS
noun	i	-i	3POSS.SG.ABS
noun	iia	-i-a	3POSS.SG-ESS
noun	iia	-ie-a	3POSS.SG-ESS
noun	i	-ie	3POSS.SG.ABS
noun	i	-i-e	3POSS.SG-DIR/LOC
noun	ii	-ie	3POSS.SG.ABS
noun	ii	-i-e	3POSS.SG-DIR/LOC
noun	iimma	-ie=mma	3POSS.SG.ABS=2SG.ABS
noun	iimma	-ie=mma	3POSS.SG.ABS=CON
noun	iimma	-i-e=mma	3POSS.SG-DIR/LOC=2SG.ABS
noun	iimma	-i-e=mma	3POSS.SG-DIR/LOC=CON
noun	iipa	-ie-va	3POSS.SG-DAT
noun	iitaan	-ie-da=an	3POSS.SG-DIR=CON
noun	iita	-ie-da	3POSS.SG-DIR
noun	iitan	-ie-dan	3POSS.SG-ABL
noun	iitan	-ie-da=n	3POSS.SG-DIR=3SG.ABS
noun	il	-i=l	3POSS.SG.ABS=3PL.ABS
noun	imma	-i=mma	3POSS.SG.ABS=2SG.ABS
noun	imma	-i=mma	3POSS.SG.ABS=CON
noun	inna	-i=nna	3POSS.SG.ABS=3SG.ABS
noun	inna	-i-nna	3POSS.SG-EQU2
noun	intuš	-ind-o-ež	PL.A-MOD.PAT-OPT
noun	ipaan	-i-va=an	3POSS.SG-DAT=CON
noun	ipa	-i-va	3POSS.SG-DAT
noun	ipan	-i-va=n	3POSS.SG-DAT=3SG.ABS
noun	ipi	-i-ve	3POSS.SG-GEN
noun	ippia	-iffe-a	1POSS.SG-ESS
noun	ippiamma	-iffe-a=mma	1POSS.SG-ESS=2SG.ABS
noun	ippi	-iffe	1POSS.SG.ABS
noun	ippupi	-iffu-ve	1POSS.SG-GEN
noun	ippuš	-iffu-ž	1POSS.SG-ERG
noun	iš	-ie-ž	3POSS.SG-ERG
noun	iš	-i-ež	MOD.AG-OPT
noun	iš	-i-ž	3POSS.SG-ERG
noun	ita	-i-da	3POSS.SG-DIR
noun	itama	-i-da=ma	3POSS.SG-DIR=CON
noun	itan	-i-dan	3POSS.SG-ABL
noun	itan	-i-da=n	3POSS.SG-DIR=3SG.ABS
noun	lilla	-ne-e=lla	RELAT.SG-DIR/LOC=3PL.ABS
noun	lilla	-ne=lla	ABL/INS=3PL.ABS
noun	lilla	-ne-ž=lla	RELAT.SG-ERG=3PL.ABS
noun	l	=l	.ABS=3PL.ABS
noun	lla	=lla	.ABS=3PL.ABS
noun	l	-ž=l	ERG=3PL.ABS
noun	ma	=ma	.ABS=2SG.ABS
noun	ma	=ma	.ABS=CON
noun	man	=man	.ABS=CON
noun	man	=mān	.ABS=CON
noun	m	=m	.ABS=2SG.ABS
noun	m	=m	.ABS=CON
noun	mma	=mma	.ABS=2SG.ABS
noun	mma	=mma	.ABS=CON
noun	mma	=mma	=CON
noun	naai	-na-ae	RELAT.PL-INS
noun	naan	-na=an	RELAT.PL.ABS=CON
noun	naašaan	-na-až-a=an	RELAT.PL-PL-DAT/ESS=CON
noun	naašalla	-na-až-a=lla	RELAT.PL-PL-DAT/ESS=3PL.ABS
noun	naašal	-na-až-a=l	RELAT.PL-PL-DAT/ESS=3PL.ABS
noun	naašama	-na-až-a=ma	RELAT.PL-PL-DAT/ESS=CON
noun	naašam	-na-až-a=m	RELAT.PL-PL-DAT/ESS=2SG.ABS
noun	naašam	-na-až-a=m	RELAT.PL-PL-DAT/ESS=CON
noun	naaša	-na-až-a	RELAT.PL-PL-DAT/ESS
noun	naašanilla	-na-až-ane=lla	RELAT.PL-PL-ABL/INS=3PL.ABS
noun	naašan	-na-až-a=n	RELAT.PL-PL-DAT/ESS=3SG.ABS
noun	naašatil	-na-až-a=dil	RELAT.PL-PL-DAT/ESS=1PL.ABS
noun	naašat	-na-až-a=d	RELAT.PL-PL-DAT/ESS=1SG.ABS
noun	naašiaan	-na-až-e-a=an	RELAT.PL-PL-GEN-ESS=CON
noun	naašiai	-na-až-e-ae	RELAT.PL-PL-GEN-INS
noun	naašia	-na-až-e-a	RELAT.PL-PL-GEN-ESS
noun	naašian	-na-až-e-a=n	RELAT.PL-PL-GEN-ESS=3SG.ABS
noun	naaši	-na-až-e	RELAT.PL-PL-GEN
noun	naašiniš	-na-až-e-ne-ž	RELAT.PL-PL-GEN-RELAT.SG-ERG
noun	naašpiai	-na-až-ve-ae	RELAT.PL-PL-GEN-INS
noun	naašpinaašuš	-na-až-ve-na-až-ož	RELAT.PL-PL-GEN-RELAT.PL-PL-ERG
noun	naašpi	-na-až-ve	RELAT.PL-PL-GEN
noun	naašpina	-na-až-ve-na	RELAT.PL-PL-GEN-RELAT.PL.ABS
noun	naašpini	-na-až-ve-ne	RELAT.PL-PL-GEN-ABL/INS
noun	naašpiniš	-na-až-ve-ne-ž	RELAT.PL-PL-GEN-RELAT.SG-ERG
noun	naaštal	-na-až-da=l	RELAT.PL-PL-DIR=3PL.ABS
noun	naašta	-na-až-da	RELAT.PL-PL-DIR
noun	naašunna	-na-až-onna	RELAT.PL-PL-EQU2
noun	naašura	-na-až-ora	RELAT.PL-PL-COM
noun	naašušl	-na-až-ož=l	RELAT.PL-PL-ERG=3PL.ABS
noun	naašuš	-na-až-ož	RELAT.PL-PL-ERG
noun	naašušnna	-na-až-ož=nna	RELAT.PL-PL-ERG=3SG.ABS
noun	nai	-ne-ae	RELAT.SG-INS
noun	nala	-na=lla	RELAT.PL.ABS=3PL.ABS
noun	nalla	-na=lla	RELAT.PL.ABS=3PL.ABS
noun	nama	-na=ma	RELAT.PL.ABS=CON
noun	namma	-na=mma	RELAT.PL.ABS=2SG.ABS
noun	namma	-na=mma	RELAT.PL.ABS=CON
noun	nam	-na=m	RELAT.PL.ABS=CON
noun	nanan	-na=nan	RELAT.PL.ABS=CON
noun	na	-na	RELAT.PL.ABS
noun	na	-ne-a	RELAT.SG-ESS
noun	nan	=n=an	=3SG.ABS=CON
noun	nan	-n=an	ABL/INS=CON
noun	nan	=n=an	.ABS=3SG.ABS=CON
noun	našal	-na-až-a=l	RELAT.PL-PL-DAT/ESS=3PL.ABS
noun	našam	-na-až-a=m	RELAT.PL-PL-DAT/ESS=2SG.ABS
noun	našam	-na-až-a=m	RELAT.PL-PL-DAT/ESS=CON
noun	naša	-na-až-a	RELAT.PL-PL-DAT/ESS
noun	našan	-na-až-a=n	RELAT.PL-PL-DAT/ESS=3SG.ABS
noun	naši	-na-až-e	RELAT.PL-PL-GEN
noun	našuš	-na-až-ož	RELAT.PL-PL-ERG
noun	niail	-ne-ae=l	RELAT.SG-INS=3PL.ABS
noun	niai	-ne-ae	RELAT.SG-INS
noun	niilla	-ne-e=lla	RELAT.SG-DIR/LOC=3PL.ABS
noun	niil	-ne-e=l	RELAT.SG-DIR/LOC=3PL.ABS
noun	niil	-ne-ž=l	RELAT.SG-ERG=3PL.ABS
noun	niima	-ne-e=ma	RELAT.SG-DIR/LOC=CON
noun	niimma	-ne-e=mma	RELAT.SG-DIR/LOC=2SG.ABS
noun	niimma	-ne-e=mma	RELAT.SG-DIR/LOC=CON
noun	niim	-ne-e=m	RELAT.SG-DIR/LOC=2SG.ABS
noun	niim	-ne-e=m	RELAT.SG-DIR/LOC=CON
noun	nii	-ne	ABL/INS
noun	nii	-ne-e	RELAT.SG-DIR/LOC
noun	nii	-ne-ve	RELAT.SG-GEN
noun	nii	-ne-ž	RELAT.SG-ERG
noun	niinna	-ne-e=nna	RELAT.SG-DIR/LOC=3SG.ABS
noun	niin	-ne-e=n	RELAT.SG-DIR/LOC=3SG.ABS
noun	niin	-ne-e=n	RELAT.SG-DIR/LOC=CON
noun	niip	-ne-e=v	RELAT.SG-DIR/LOC=2PL.ABS
noun	niitil	-ne-e=dil	RELAT.SG-DIR/LOC=1PL.ABS
noun	nilla	-ne-e=lla	RELAT.SG-DIR/LOC=3PL.ABS
noun	nilla	-ne=lla	ABL/INS=3PL.ABS
noun	nilla	-ne-ž=lla	RELAT.SG-ERG=3PL.ABS
noun	nil	-ne-e=l	RELAT.SG-DIR/LOC=3PL.ABS
noun	nil	-ne=l	ABL/INS=3PL.ABS
noun	nil	-ne-ž=l	RELAT.SG-ERG=3PL.ABS
noun	nima	-ne-e=ma	RELAT.SG-DIR/LOC=CON
noun	nima	-ne=ma	ABL/INS=CON
noun	nimma	-ne-e=mma	RELAT.SG-DIR/LOC=2SG.ABS
noun	nimma	-ne=mma	ABL/INS=2SG.ABS
noun	nimma	-ne=mma	ABL/INS=CON
noun	nim	-ne=m	ABL/INS=2SG.ABS
noun	nim	-ne=m	ABL/INS=CON
noun	nina	-ne-nna	RELAT.SG-EQU2
noun	nina	-nna	EQU2
noun	ni	-na	RELAT.PL.ABS
noun	-ni	-ne	ABL/INS
noun	ni	-ne	ABL/INS
noun	ni	-ne-e	ABL/INS-DIR/LOC
noun	-ni	-ne-e	RELAT.SG-DIR/LOC
noun	ni	-ne-e	RELAT.SG-DIR/LOC
noun	ni	-ne-ž	RELAT.SG-ERG
noun	ninil	-ne-ne=l	RELAT.SG-ABL/INS=3PL.ABS
noun	nini	-ne-ne	RELAT.SG-ABL/INS
noun	ninin	-ne-ne=n	RELAT.SG-ABL/INS=CON
noun	ni(-)nišša	-ne	ABL/INS
noun	ni(-)nišša	-ne-e	RELAT.SG-DIR/LOC
noun	ninitil	-ne-ne=dil	RELAT.SG-ABL/INS=1PL.ABS
noun	ninnam	-ne-nna=m	RELAT.SG-EQU2=CON
noun	ninna	-ne-e=nna	RELAT.SG-DIR/LOC=3SG.ABS
noun	ninna	-ne=nna	ABL/INS=3SG.ABS
noun	ninna	-ne-nna	RELAT.SG-EQU2
noun	nin	-ne-e=n	RELAT.SG-DIR/LOC=3SG.ABS
noun	nin	-ne-e=n	RELAT.SG-DIR/LOC=CON
noun	nin	-ne=n	ABL/INS=3SG.ABS
noun	nin	-ne=n	ABL/INS=CON
noun	nin	-ne-n	RELAT.SG-ABL/INS
noun	nipaan	-ne-va=an	RELAT.SG-DAT=CON
noun	nipai	-ne-ve-ae	RELAT.SG-GEN-INS
noun	nipain	-ne-ve-ae=n	RELAT.SG-GEN-INS=3SG.ABS
noun	nipalla	-ne-ve=lla	RELAT.SG-GEN=3PL.ABS
noun	nipal	-ne-va=l	RELAT.SG-DAT=3PL.ABS
noun	nipaman	-ne-va=m=an	RELAT.SG-DAT=2SG.ABS=CON
noun	nipaman	-ne-va=man	RELAT.SG-DAT=CON
noun	nipaman	-ne-va=mān	RELAT.SG-DAT=CON
noun	nipa	-ne-va	RELAT.SG-DAT
noun	nipa	-ne-ve-a	RELAT.SG-GEN-ESS
noun	nipan	-ne-va=an	RELAT.SG-DAT=CON
noun	nipan	-ne-va=n	RELAT.SG-DAT=3SG.ABS
noun	nipatil	-ne-va=dil	RELAT.SG-DAT=1PL.ABS
noun	nipat	-ne-va=d	RELAT.SG-DAT=1SG.ABS
noun	nipiai	-ne-ve-ae	RELAT.SG-GEN-INS
noun	nipia	-ne-ve-a	RELAT.SG-GEN-ESS
noun	nipil	-ne-ve=l	RELAT.SG-GEN=3PL.ABS
noun	nipima	-ne-ve=ma	RELAT.SG-GEN=CON
noun	nipinaaša	-ne-ve-na-až-a	RELAT.SG-GEN-RELAT.PL-PL-DAT/ESS
noun	nipinaašatil	-ne-ve-na-až-a=dil	RELAT.SG-GEN-RELAT.PL-PL-DAT/ESS=1PL.ABS
noun	nipinaašuš	-ne-ve-na-až-ož	RELAT.SG-GEN-RELAT.PL-PL-ERG
noun	nipinama	-ne-ve-na=ma	RELAT.SG-GEN-RELAT.PL.ABS=CON
noun	nipina	-ne-ve-na	RELAT.SG-GEN-RELAT.PL.ABS
noun	nipinaša	-ne-ve-na-až-a	RELAT.SG-GEN-RELAT.PL-PL-DAT/ESS
noun	nipinašuš	-ne-ve-na-až-ož	RELAT.SG-GEN-RELAT.PL-PL-ERG
noun	nipi	-ne-ve	RELAT.SG-GEN
noun	nipinia	-ne-ve-ne-a	RELAT.SG-GEN-RELAT.SG-ESS
noun	nipiniilla	-ne-ve-ne-e=lla	RELAT.SG-GEN-RELAT.SG-DIR/LOC=3PL.ABS
noun	nipinii	-ne-ve-ne-e	RELAT.SG-GEN-RELAT.SG-DIR/LOC
noun	nipini	-ne-ve-ne-e	RELAT.SG-GEN-RELAT.SG-DIR/LOC
noun	nipinin	-ne-ve-ne-e=n	RELAT.SG-GEN-RELAT.SG-DIR/LOC=3SG.ABS
noun	nipinin	-ne-ve-ne-n	RELAT.SG-GEN-RELAT.SG-ABL/INS
noun	nipininnna	-ne-ve-ne-n=nna	RELAT.SG-GEN-RELAT.SG-ABL/INS=3SG.ABS
noun	nipiniš	-ne-ve-ne-ž	RELAT.SG-GEN-RELAT.SG-ERG
noun	nipinišnna	-ne-ve-ne-ž=nna	RELAT.SG-GEN-RELAT.SG-ERG=3SG.ABS
noun	nipinital	-ne-ve-ne-da=l	RELAT.SG-GEN-RELAT.SG-DIR=3PL.ABS
noun	nipinita	-ne-ve-ne-da	RELAT.SG-GEN-RELAT.SG-DIR
noun	nipiuš	-ne-ve-ož	RELAT.SG-GEN-EQU
noun	nip	-ne=v	ABL/INS=2PL.ABS
noun	nipuš	-ne-ve-ož	RELAT.SG-GEN-EQU
noun	nipuš	-ne-ve-ož	RELAT.SG-GEN-ERG
noun	niraman	-ne-ra=m=an	RELAT.SG-COM=2SG.ABS=CON
noun	niraman	-ne-ra=mān	RELAT.SG-COM=CON
noun	nira	-ne-ra	RELAT.SG-COM
noun	nišlla	-ne-ž=lla	RELAT.SG-ERG=3PL.ABS
noun	nišl	-ne-ž=l	RELAT.SG-ERG=3PL.ABS
noun	niš	-ne-ž	RELAT.SG-ERG
noun	nišnna	-ne-ž=nna	RELAT.SG-ERG=3SG.ABS
noun	nišša	-ne-ž=nna	RELAT.SG-ERG=3SG.ABS
noun	ništ	-ne-ž=d	RELAT.SG-ERG=1SG.ABS
noun	nital	-ne-da=l	RELAT.SG-DIR=3PL.ABS
noun	nita	-ne-da	RELAT.SG-DIR
noun	nitanilla	-ne-dan-i=lla	RELAT.SG-ABL-EPNTH=3PL.ABS
noun	nitan	-ne-da=an	RELAT.SG-DIR=CON
noun	nitan	-ne-dan	RELAT.SG-ABL
noun	nitan	-ne-da=n	RELAT.SG-DIR=3SG.ABS
noun	nitil	-ne=dil	ABL/INS=1PL.ABS
noun	nitil	-ne-e=dil	RELAT.SG-DIR/LOC=1PL.ABS
noun	n	-n	ABL/INS
noun	n	=n	.ABS=3SG.ABS
noun	n	=n	.ABS=CON
noun	nnaman	-nna=m=an	EQU2=2SG.ABS=CON
noun	nna	-na	RELAT.PL
noun	nna	=nna	.ABS=3SG.ABS
noun	nna	-nna	EQU2
noun	nnat	-nna=d	EQU2=1SG.ABS
noun	nnima	-ne-e=ma	RELAT.SG-DIR/LOC=CON
noun	nnin	-ne-e=n	RELAT.SG-DIR/LOC=3SG.ABS
noun	nnin	-ne-n	RELAT.SG-ABL/INS
noun	nni	-nni	ASS
noun	nnipa	-ne-va	RELAT.SG-DAT
noun	paan	-va=an	DAT=CON
noun	pain	-ve-ae=n	GEN-INS=3SG.ABS
noun	pai	-v-ae	2POSS.SG-INS
noun	pai	-ve-ae	GEN-INS
noun	palla	-v-a=lla	2POSS.SG-ESS=3PL.ABS
noun	palla	-va=lla	DAT=3PL.ABS
noun	pal	-v-a=l	2POSS.SG.ABS-EPNTH=3PL.ABS
noun	pal	-v-a=l	2POSS.SG-ESS=3PL.ABS
noun	pal	-va=l	DAT=3PL.ABS
noun	pama	-va=ma	DAT=CON
noun	pam	-va=m	DAT=2SG.ABS
noun	pam	-va=m	DAT=CON
noun	panil	-v-ane=l	2POSS.SG-ABL/INS=3PL.ABS
noun	panit	-v-ane=d	2POSS.SG-ABL/INS=1SG.ABS
noun	pan	-v-a=an	2POSS.SG-ESS=CON
noun	pan	-va=an	DAT=CON
noun	pan	-v=an	2POSS.SG.ABS=CON
noun	pan	-v-a=n	2POSS.SG-ESS=3SG.ABS
noun	pan	-va=n	DAT=3SG.ABS
noun	papa	-va=ffa	DAT=2PL.ABS
noun	papnipal	-ve-ne-va=l	GEN-RELAT.SG-DAT=3PL.ABS
noun	paš	-ve-až	GEN-ERG
noun	patatil	-v-ada=dil	2POSS.SG-DIR=1PL.ABS
noun	patat	-v-ada=d	2POSS.SG-DIR=1SG.ABS
noun	pata	-v-ada	2POSS.SG-DIR
noun	pat	-va=d	DAT=1SG.ABS
noun	pa	-v-a	2POSS.SG-ESS
noun	-pa	-va	DAT
noun	pa	-va	DAT
noun	piaim	-ve-ae=m	GEN-INS=2SG.ABS
noun	piaip	-ve-ae=v	GEN-INS=2PL.ABS
noun	piai	-ve-ae	GEN-INS
noun	pia	-ve-a	GEN-ESS
noun	pilla	-ve=lla	GEN=3PL.ABS
noun	pima	-ve=ma	GEN=CON
noun	pinaaša	-ve-na-až-a	GEN-RELAT.PL-PL-DAT/ESS
noun	pinaašpi	-ve-na-až-ve	GEN-RELAT.PL-PL-GEN
noun	pinaašuš	-ve-na-až-ož	GEN-RELAT.PL-PL-ERG
noun	pinašan	-ve-na-až-a=n	GEN-RELAT.PL-PL-DAT/ESS=3SG.ABS
noun	pinašatilla	-ve-na-až-a=dilla	GEN-RELAT.PL-PL-DAT/ESS=1PL.ABS
noun	pinašatil	-ve-na-až-a=dil	GEN-RELAT.PL-PL-DAT/ESS=1PL.ABS
noun	pinaša	-ve-na-až-a	GEN-RELAT.PL-PL-DAT/ESS
noun	pina	-ve-na	GEN-RELAT.PL.ABS
noun	pina	-ve-ne-a	GEN-RELAT.SG-ESS
noun	pinii	-ve-ne-e	GEN-RELAT.SG-DIR/LOC
noun	pinipa	-ve-ne-va	GEN-RELAT.SG-DAT
noun	pinipinaša	-ve-ne-ve-na-až-a	GEN-RELAT.SG-GEN-RELAT.PL-PL-DAT/ESS
noun	pinipina	-ve-ne-ve-na	GEN-RELAT.SG-GEN-RELAT.PL.ABS
noun	pinipi	-ve-ne-ve	GEN-RELAT.SG-GEN
noun	pinišša	-ve-ne-ž=nna	GEN-RELAT.SG-ERG=3SG.ABS
noun	piniš	-ve-ne-ž	GEN-RELAT.SG-ERG
noun	pinital	-ve-ne-da=l	GEN-RELAT.SG-DIR=3PL.ABS
noun	pinita	-ve-ne-da	GEN-RELAT.SG-DIR
noun	pini	-ve-ne-e	GEN-RELAT.SG-DIR/LOC
noun	pin	-ve=n	GEN=3SG.ABS
noun	pin	-ve=n	GEN=CON
noun	piš	-ve-ž	GEN-ERG
noun	piušl	-ve-ož=l	GEN-EQU=3PL.ABS
noun	piušl	-ve-ož=l	GEN-ERG=3PL.ABS
noun	piuš	-ve-ož	GEN-EQU
noun	piuš	-ve-ož	GEN-ERG
noun	pi	-ve	GEN
noun	p	=m	.ABS=CON
noun	p⸢pa?⸣an	-v-va=an	2POSS.SG-DAT=CON
noun	p⸢pa?⸣an	-v-va=n	2POSS.SG-DAT=3SG.ABS
noun	ppamma	-v-va=mma	2POSS.SG-DAT=2SG.ABS
noun	ppamma	-v-ve=mma	2POSS.SG-GEN=2SG.ABS
noun	ppam	-v-va=m	2POSS.SG-DAT=2SG.ABS
noun	ppam	-v-va=m	2POSS.SG-DAT=CON
noun	ppan	=ffa=an	.ABS=2PL.ABS=CON
noun	ppan	-v-va=an	2POSS.SG-DAT=CON
noun	ppan	-v-va=n	2POSS.SG-DAT=3SG.ABS
noun	ppat	-v-va=d	2POSS.SG-DAT=1SG.ABS
noun	ppa	-v=ma	2POSS.SG.ABS=CON
noun	ppa	-v-va	2POSS.SG-DAT
noun	ppinama	-v-ve-na=ma	2POSS.SG-GEN-RELAT.PL.ABS=CON
noun	ppinaša	-v-ve-na-až-a	2POSS.SG-GEN-RELAT.PL-PL-DAT/ESS
noun	ppiniit	-v-ve-ne-e=d	2POSS.SG-GEN-RELAT.SG-DIR/LOC=1SG.ABS
noun	ppininim	-v-ve-ne-ne=m	2POSS.SG-GEN-RELAT.SG-ABL/INS=2SG.ABS
noun	ppininim	-v-ve-ne-ne=m	2POSS.SG-GEN-RELAT.SG-ABL/INS=CON
noun	ppi	-v-ve	2POSS.SG-DAT
noun	ppi	-v-ve	2POSS.SG-GEN
noun	puš	-ve-ož	GEN-EQU
noun	puš	-ve-ž	GEN-ERG
noun	puš	-v-ož	2POSS.SG-EQU
noun	puš	-v-ož	2POSS.SG-ERG
noun	putap	-v-oda=m	2POSS.SG-DIR=CON
noun	puta	-v-oda	2POSS.SG-DIR
noun	p	-v	2POSS.SG.ABS
noun	ra	-ra	COM
noun	rin	-ne-n	RELAT.SG-ABL/INS
noun	šan	-ž=an	ERG=CON
noun	ša	-va	DAT
noun	šllama	-ž=lla=ma	ERG=3PL.ABS=CON
noun	šlla	-ž=lla	ERG=3PL.ABS
noun	šl	-ž=l	ERG=3PL.ABS
noun	šša	-ž=nna	ERG=3SG.ABS
noun	šši	-šši	2POSS.PL.ABS
noun	šuta	-ž-oda	2POSS.PL-DIR
noun	š	-ž	ERG
noun	-ta	-da	DIR
noun	ta	-da	DIR
noun	tai	-da	DIR
noun	tai	-ve-ae	GEN-INS
noun	tal	-da=l	DIR=3PL.ABS
noun	tama	-da=ma	DIR=CON
noun	(-)tamašši		.ABS
noun	tam	-da=m	DIR=CON
noun	tan	-da=an	DIR=CON
noun	tan	-dan	ABL
noun	tan	-da=n	DIR=3SG.ABS
noun	tap	-da=m	DIR=CON
noun	t	=d	.ABS=1SG.ABS
noun	til	=dil	.ABS=1PL.ABS
noun	tilla	=dilla	.ABS=1PL.ABS
noun	tinašuš	-ve-na-až-ož	GEN-RELAT.PL-PL-ERG
noun	ti	-ve	GEN
noun	t	-ž=d	ERG=1SG.ABS
noun	uliš	-o-l-ež	MOD.PAT-l-OPT
noun	ul	-ož=l	ERG=3PL.ABS
noun	upati	-o-vade	PAT-ADJ.NEG.ABS
noun	urulaiš	-ur-o-l-ae-ž	ur-MOD.PAT-l-PURP-ž
noun	uš	-i-ož	3POSS.SG-EQU
noun	ušl	-ož=l	ERG=3PL.ABS
noun	uš	-ož	EQU
noun	uš	-ož	ERG
noun	utal	-oda=l	DIR=3PL.ABS
noun	uta	-oda	DIR
noun	uwa	-u-a	MED-3A.SG
noun	WA	-va	DAT
noun	WA	-ve	GEN
noun	wi	-ve	GEN
NUM			
NUM	a	-a	ESS
NUM	a	-a	INT
NUM			.ABS
NUM	ai	-ae	INS
NUM	aip	-ae=v	INS=2PL.ABS
NUM	am	-i-a=m	3POSS.SG-ESS=CON
NUM	amma	-a=mma	ESS=2SG.ABS
NUM	an	-i-a=n	3POSS.SG-ESS=3SG.ABS
NUM	aša	-i-až-a	3POSS-PL-DAT/ESS
NUM	ašuš	-i-až-ož	3POSS-PL-ERG
NUM	at	-a=d	ESS=1SG.ABS
NUM	l	-ž=l	ERG=3PL.ABS
NUM	ma	=ma	.ABS=CON
NUM	na	-na	RELAT.PL.ABS
NUM	nii	-ne-e	RELAT.SG-DIR/LOC
NUM	ni	-ne	ABL/INS
NUM	ni	-ne-e	RELAT.SG-DIR/LOC
NUM	nin	-ne-n	RELAT.SG-ABL/INS
NUM	nipa	-ne-va	RELAT.SG-DAT
NUM	n	-n	ABL/INS
NUM	n	=n	.ABS=3SG.ABS
NUM	nna	=nna	=3SG.ABS
NUM	p	=v	.ABS=2PL.ABS
NUM	š	-ž	ERG
POST			
POST	n	=n	=3SG.ABS
PREP			
PREP	š		
PRON	a	-a	ESS
PRON			.ABS
PRON	al	-a=l	ESS=3PL.ABS
PRON	am	-až=m	ERG=2SG.ABS
PRON	appa	-a=ffa	ESS=2PL.ABS
PRON	aša	-až-a	PL-DAT/ESS
PRON	aš	-až	ERG
PRON	ašša	-až=nna	ERG=3SG.ABS
PRON	ašuta	-až-oda	PL-DIR
PRON	iaša	-až-a	PL-DAT/ESS
PRON	iwtama	-oda=ma	DIR=CON
PRON	l	=l	=3PL.ABS
PRON	l	=l	.ABS=3PL.ABS
PRON	lla	=lla	.ABS=3PL.ABS
PRON	llam	=lla=m	.ABS=3PL.ABS=CON
PRON	l	-ž=l	ERG=3PL.ABS
PRON	ma	=ma	.ABS=CON
PRON	m	=m	.ABS=CON
PRON	mma	=mma	.ABS=CON
PRON	nii	-ne	ABL/INS
PRON	nii	-ne-e	RELAT.SG-DIR/LOC
PRON	ni	-ne	ABL/INS
PRON	ni	-ne-e	RELAT.SG-DIR/LOC
PRON	nini	-ne-ne	RELAT.SG-ABL/INS
PRON	nipa	-ne-va	RELAT.SG-DAT
PRON	nipininna	-ne-ve-ne-nna	RELAT.SG-GEN-RELAT.SG-EQU2
PRON	niš	-ne-ž	RELAT.SG-ERG
PRON	n	=n	.ABS=3SG.ABS
PRON	n	=n	.ABS=CON
PRON	nnanan	=nna=nan	=3SG.ABS=CON
PRON	nnan	=nna=an	.ABS=3SG.ABS=CON
PRON	pai	-ve-ae	GEN-INS
PRON	palla	-va=lla	DAT=3PL.ABS
PRON	pal	-va=l	DAT=3PL.ABS
PRON	patil	-va=dil	DAT=1PL.ABS
PRON	pa	-va	DAT
PRON	pa	-ve-a	GEN-ESS
PRON	pima	-ve=ma	GEN=CON
PRON	pina	-ve-na	GEN-RELAT.PL.ABS
PRON	pinitan	-ve-ne-da=an	GEN-RELAT.SG-DIR=CON
PRON	pinitan	-ve-ne-dan	GEN-RELAT.SG-ABL
PRON	pinitan	-ve-ne-da=n	GEN-RELAT.SG-DIR=3SG.ABS
PRON	pi	-ve	GEN
PRON	ra	-ra	COM
PRON	sa	-z-a	PL-DAT/ESS
PRON	ša	-ž-a	PL-DAT/ESS
PRON	šnnam	-ž=nna=m	ERG=3SG.ABS=CON
PRON	šša	-ž=nna	ERG=3SG.ABS
PRON	šurama	-ž-ora=ma	PL-COM=CON
PRON	sura	-z-ora	PL-COM
PRON	sušša	-z-ož=nna	PL-ERG=3SG.ABS
PRON	suš	-z-ož	PL-ERG
PRON	šuš	-ž-ož	PL-ERG
PRON	šuta	-ž-oda	PL-DIR
PRON	š	-ž	ERG
PRON	ta	-da	DIR
PRON	til	=dil	.ABS=1PL.ABS
PRON	tilla	-ž=dilla	ERG=1PL.ABS
PRON	t	-ž=d	ERG=1SG.ABS
PRON	ul	-ož=l	ERG=3PL.ABS
PRON	uta	-oda	DIR
unclear			
unclear	a	-a	ESS
unclear	impallat	-inballa=d	inballa=1SG.ABS
unclear	inpalla	-inballa	inballa
unclear	inpallal	-inballa=l	inballa=3PL.ABS
unclear	inpallatan	-inballa=d=an	inballa=1SG.ABS=CON
unclear	inpallat	-inballa=d	inballa=1SG.ABS
unclear	ipalla	-inballa	inballa
unclear	t	=d	=1SG.ABS
unclear	unpalla	-unballa	unballa
verb	a	-a	3A.SG
verb	a	-a	ESS
verb	a	-a	INT
verb	a	-a	INT.IMP
verb			.ABS
verb	aḫa	-aġ-a	aġ-3A.SG
verb	aḫa	-aġ-a	aġ-INT
verb	aḫa	-aḫḫ-a	aḫḫ-3A.SG
verb	aḫa	-aḫḫ-a	aḫḫ-INT
verb	aḫa	-aʾ-a	aʾ-3A.SG
verb	aḫa	-aʾ-a	aʾ-INT
verb	aḫai	-aġ-i-ae	aġ-MOD.AG-PURP
verb	aḫamma	-aġ-a=mma	aġ-INT=2SG.ABS
verb	a(-)ḫatultašši	-aġ-ad-ol-d-a-šše	aġ-ad-ol-PL.A-3A-NMLZ.ABS
verb	a(-)ḫatultaššinamma	-aġ-ad-ol-d-a-šše-na=mma	aġ-ad-ol-PL.A-3A-NMLZ-RELAT.PL.ABS=CON
verb	aḫḫi	-aḫḫ-i	aḫḫ-ANTIP
verb	aḫḫip	-aḫḫ-i-b	aḫḫ-ANTIP-b
verb	aḫḫipurat	-aḫḫ-i-vor-a=d	aḫḫ-AG-NEG-EPNTH=1SG.ABS
verb	aḫḫipurat	-aḫḫ-i-vor-a=d	aḫḫ-ANTIP-NEG-EPNTH=1SG.ABS
verb	aḫḫum	-aḫḫ-o-m	aḫḫ-TR.PFV-3A.SG
verb	aḫḫušillai	-aḫḫ-ož-ill-i-ae	aḫḫ-ož-ill-MOD.AG-PURP
verb	aḫi	-aġ-i	aġ-ANTIP
verb	aḫikki	-aġ-i-kki	aġ-ANTIP-NEG
verb	aḫilla	-aġ-i=lla	aġ-ANTIP=3PL.ABS
verb	aḫita	-aġ-ed-a	aġ-FUT-3A.SG
verb	aḫita	-aġ-i-d-a	aġ-TR-PL.A-3A
verb	aḫtu	-aġ-id-o	aġ-PL.A-TR.PFV
verb	aḫukarilla	-aġ-ugar-i=lla	aġ-RECIP-ANTIP=3PL.ABS
verb	aḫum	-aġ-o-m	aġ-TR.PFV-3A.SG
verb	aḫup	-aġ-o-m	aġ-TR.PFV-3A.SG
verb	aḫušta	-aġ-ož-t-a	aġ-PST-PL.A-3A
verb	a	-i-a	TR-3A.SG
verb	ai	-i-ae	MOD.AG-PURP
verb	ain	-i-ae=n	MOD.AG-PURP=3SG.ABS
verb	ain	-i-ae=n	MOD.AG-PURP=CON
verb	ain	-i-ae-n	MOD.AG-PURP-n
verb	ainna	-i-ae=nna	MOD.AG-PURP=3SG.ABS
verb	aišal	-i-ae-ž-a=l	MOD.AG-PURP-ž-EPNTH=3PL.ABS
verb	aiš	-i-ae-ž	MOD.AG-PURP-ž
verb	aki	-ag-i	ag-ANTIP
verb	akum	-ag-o-m	ag-TR.PFV-3A.SG
verb	ala	-al-a	al-3A.SG
verb	ala	-al-a	al-INT
verb	alal	-al-a=l	al-3A.SG=3PL.ABS
verb	alal	-al-a=l	al-INT=3PL.ABS
verb	al	-a=l	INT=3PL.ABS
verb	alam	-al-a=m	al-INT.IMP=2SG.ABS
verb	alitin	-al-id-en	al-PL.A-3JUSS
verb	alla	-a=lla	INT=3PL.ABS
verb	alli	-al-i-le	al-MOD.AG-1JUSS
verb	allin	-al-i-le=n	al-MOD.AG-1JUSS=3SG.ABS
verb	allin	-al-i-le=n	al-MOD.AG-1JUSS=CON
verb	allita	-all-ed-a	all-FUT-3A.SG
verb	allitašši	-all-ed-a-šše	all-FUT-3A.SG-NMLZ.ABS
verb	alta	-al-d-a	al-d-3A.SG
verb	alta	-al-d-a	al-d-INT
verb	altili	-al-d-i-le	al-d-MOD.AG-1JUSS
verb	altita	-al-d-ed-a	al-d-FUT-3A.SG
verb	altum	-al-d-o-m	al-d-TR.PFV-3A.SG
verb	alu	-al-u	al-MED
verb	ama	-a=ma	INT=CON
verb	ama	-i-a=ma	TR-3A.SG=CON
verb	ama	-i-a-ma	TR-3A.SG-NEG
verb	am	-a=m	INT=2SG.ABS
verb	am	-a=m	INT=CON
verb	am	-a=m	INT.IMP=2SG.ABS
verb	am	-a=m	INT.IMP=CON
verb	amaruliiš	-am-ar-o-l-ež	FACT-ITER-MOD.PAT-l-OPT
verb	ami	-am-i	FACT-ANTIP
verb	amin	-am-i-en	FACT-MOD.AG-3JUSS
verb	amin	-am-i=n	FACT-ANTIP=3SG.ABS
verb	amin	-am-i=n	FACT-ANTIP=CON
verb	amiš	-am-i-ež	FACT-MOD.AG-OPT
verb	amittama	-am-i=tta=ma	FACT-ANTIP=1SG.ABS=CON
verb	amma	-a=mma	INT=2SG.ABS
verb	amma	-a=mma	INT=CON
verb	amma	-a=mma	INT.IMP=2SG.ABS
verb	amma	-a=mma	INT.IMP=CON
verb	ammaštam	-amm-ašt-a=m	FACT-RES-INT=2SG.ABS
verb	ammaštam	-amm-ašt-a=m	FACT-RES-INT=CON
verb	ammi	-amm-i	FACT-ANTIP
verb	ammiš	-amm-i-ež	FACT-MOD.AG-OPT
verb	ammu	-amm-o	FACT-2A.SG
verb	ammu	-amm-o	FACT-MOD.PAT
verb	ammu	-amm-u	FACT-MED
verb	amtum	-am-d-o-m	FACT-d-TR.PFV-3A.SG
verb	amu	-am-aw	FACT-1A.SG
verb	amu	-am-u	FACT-MED
verb	amula	-am-ol-a	FACT-ol-3A.SG
verb	amuwa	-i	ANTIP
verb	ana	-an-a	an-3A.SG
verb	ana	-an-a	an-INT
verb	ana	-an-a	CAUS-3A.SG
verb	an	-a=an	INT=CON
verb	anam	-an-a=m	an-3A.SG=2SG.ABS
verb	anam	-an-a=m	an-3A.SG=CON
verb	anam	-an-a=m	an-INT=2SG.ABS
verb	anam	-an-a=m	an-INT=CON
verb	an	-a=n	INT=3SG.ABS
verb	anap	-an-a-b	an-INT-b
verb	ani	-an-i	an-ANTIP
verb	ani	-an-i	an-TR.IMP
verb	anil	-an-i=l	an-ANTIP=3PL.ABS
verb	anilli	-an-ill-i	an-ill-ANTIP
verb	anipa	-an-i-eva	an-MOD.AG-POT
verb	anišša	-an-i-šše-a	an-ANTIP-NMLZ-ESS
verb	anita	-an-ed-a	an-FUT-3A.SG
verb	anita	-an-ed-a	CAUS-FUT-3A.SG
verb	anitaw	-an-ed-aw	an-FUT-1A.SG
verb	aniti	-an-ed-i	an-FUT-ANTIP
verb	anitu	-an-ed-o	an-FUT-2A.SG
verb	anitu	-an-ed-u	an-FUT-MED
verb	anitu	-an-id-o	an-PL.A-TR.PFV
verb	anitu	-an-id-o	CAUS-PL.A-TR.PFV
verb	annia	-ann-i-a	ann-TR-3A.SG
verb	anni	-i-anni	MOD.AG-DESID
verb	annim	-i-anni=m	MOD.AG-DESID=2SG.ABS
verb	annim	-i-anni=m	MOD.AG-DESID=CON
verb	antu	-an-id-o	an-PL.A-TR.PFV
verb	antu	-an-id-o	CAUS-PL.A-TR.PFV
verb	anu	-an-o	an-MOD.PAT
verb	anu	-an-u	an-MED
verb	anula	-an-ol-a	an-ol-INT
verb	anumal	-an-o-m-a=l	an-TR.PFV-3A.SG-EPNTH=3PL.ABS
verb	anum	-an-o-m	an-TR.PFV-3A.SG
verb	anupa	-an-o-eva	an-MOD.PAT-POT
verb	anup	-an-o-m	an-TR.PFV-3A.SG
verb	anurum	-an-ur-o-m	an-ur-TR.PFV-3A.SG
verb	anuš	-an-o-ež	an-MOD.PAT-OPT
verb	a(-)nutum	-an-ud-o-m	an-NEG-TR.PFV-3A.SG
verb	ap	-a-b	INT-b
verb	ap	-a=m	INT=2SG.ABS
verb	ap	-a=m	INT=CON
verb	apan	-a-b=an	INT-b=CON
verb	ap	-a=v	INT=2PL.ABS
verb	ap	-a=v	INT.IMP=2PL.ABS
verb	appa	-a-b=ma	INT-b=CON
verb	appanan	-a=ffa=nan	3A.SG=2PL.ABS=CON
verb	appanan	-a=ffa=nan	INT=2PL.ABS=CON
verb	ara	-ar-a	ITER-3A.SG
verb	ara	-ar-a	ITER-INT
verb	aralla	-ar-a=lla	ITER-3A.SG=3PL.ABS
verb	aralla	-ar-a=lla	ITER-INT=3PL.ABS
verb	araštita	-ar-ašt-ed-a	ITER-RES-FUT-3A.SG
verb	araštum	-ar-ašt-o-m	ITER-RES-TR.PFV-3A.SG
verb	ari	-ar-i	ITER-ANTIP
verb	ari	-ar-i	ITER-TR.IMP
verb	arillum	-ar-ill-o-m	ITER-INGR-TR.PFV-3A.SG
verb	arinna	-ar-i=nna	ITER-ANTIP=3SG.ABS
verb	arinna	-ar-i=nna	ITER-TR.IMP=3SG.ABS
verb	arrai	-ar-i-l-ae	ITER-MOD.AG-l-PURP
verb	arukara	-ar-ugar-a	ITER-RECIP-3A.SG
verb	arukara	-ar-ugar-a	ITER-RECIP-INT
verb	aruli	-ar-ol-i	ITER-ol-ANTIP
verb	arutanam	-ar-u-d-a=n=m	ITER-MED-PL.A-3A=3SG.ABS=CON
verb	aruwa	-ar-u-a	ITER-MED-3A.SG
verb	aši	-až-i	až-ANTIP
verb	aši	-až-i	āž-ANTIP
verb	ašilaum	-až-il-aw=m	až-il-1A.SG=2SG.ABS
verb	ašiliš	-až-i-l-ež	až-MOD.AG-l-OPT
verb	ašip	-až-i-b	až-ANTIP-b
verb	ašša	-a-šše-a	INT-NMLZ-ESS
verb	ašši	-a-šše	INT-NMLZ.ABS
verb	ašši	-i-a-šše	TR-3A.SG-NMLZ.ABS
verb	aššilla	-a-šše=lla	INT-NMLZ.ABS=3PL.ABS
verb	aššina	-a-šše-na	INT-NMLZ-RELAT.PL.ABS
verb	ašta	-ašt-a	RES-INT
verb	aštama	-ašt-a=ma	RES-3A.SG=CON
verb	aštama	-ašt-a=ma	RES-INT=CON
verb	aštap	-ašt-a-b	RES-INT-b
verb	aštaw	-ašt-aw	RES-1A.SG
verb	ašti	-ašt-i	RES-ANTIP
verb	ašti	-ašt-i	RES-TR.IMP
verb	aštikki	-ašt-i-kki	RES-ANTIP-NEG
verb	aštili	-ašt-i-le	RES-MOD.AG-1JUSS
verb	aštilip	-ašt-i-le=m	RES-MOD.AG-1JUSS=2SG.ABS
verb	aštilip	-ašt-i-le=m	RES-MOD.AG-1JUSS=CON
verb	aštilip	-ašt-il-i-b	RES-il-ANTIP-b
verb	aštip	-ašt-i-b	RES-ANTIP-b
verb	aštiš	-ašt-i-ež	RES-MOD.AG-OPT
verb	aštita	-ašt-ed-a	RES-FUT-3A.SG
verb	aštitaw	-ašt-ed-aw	RES-FUT-1A.SG
verb	aštitta	-ašt-ed-d-a	RES-FUT-PL.A-3A
verb	aštitta	-ašt-i=tta	RES-ANTIP=1SG.ABS
verb	aštitu	-ašt-ed-aw	RES-FUT-1A.SG
verb	aštitu	-ašt-ed-o	RES-FUT-2A.SG
verb	aštu	-ašt-o	RES-2A.SG
verb	aštu	-ašt-o	RES-MOD.PAT
verb	aštu	-ašt-u	RES-MED
verb	aštum	-ašt-o-m	RES-TR.PFV-3A.SG
verb	aštuš	-ašt-o-ež	RES-MOD.PAT-OPT
verb	ašuš	-až-o-ež	až-MOD.PAT-OPT
verb	ata	-ad-a	ad-3A.SG
verb	ata	-ad-a	ad-INT
verb	at	-a=d	INT=1SG.ABS
verb	atal	-ad-a=l	ad-3A.SG=3PL.ABS
verb	atal	-ad-a=l	ad-INT=3PL.ABS
verb	atal	-ar-a=l	ITER-3A.SG=3PL.ABS
verb	atal	-ar-a=l	ITER-INT=3PL.ABS
verb	atara	-ad-ar-a	ad-ITER-INT
verb	ati	-ad-i	ad-ANTIP
verb	atil	-a=dil	ESS=1PL.ABS
verb	atil	-a=dil	INT=1PL.ABS
verb	atilai	-ad-i-l-ae	ad-MOD.AG-l-PURP
verb	atilaip	-ad-i-l-ae=v	ad-MOD.AG-l-PURP=2PL.ABS
verb	atin	-ad-i-en	ad-MOD.AG-3JUSS
verb	atip	-ad-i-b	ad-ANTIP-b
verb	atiša	-ad-iž-a	ad-iž-INT
verb	atiš	-ad-i-ež	ad-MOD.AG-OPT
verb	atta	-a=tta	INT=1SG.ABS
verb	attama	-ad-d-a=ma	ad-PL.A-3A=CON
verb	attama	-a=tta=ma	INT=1SG.ABS=CON
verb	attam	-a=tta=m	INT=1SG.ABS=CON
verb	atu	-ad-o	ad-MOD.PAT
verb	atu	-ad-u	ad-MED
verb	atum	-ad-o-m	ad-TR.PFV-3A.SG
verb	atuna	-ad-on-a	ad-on-3A.SG
verb	atunna	-ad-o=nna	ad-MOD.PAT=3SG.ABS
verb	atunna	-ad-u=nna	ad-MED=3SG.ABS
verb	atuppu	-ad-uffu	ad-1A.SG.NEG
verb	atušilai	-ad-ož-i-l-ae	ad-ož-MOD.AG-l-PURP
verb	atuwamma	-ad-u-a=mma	ad-MED-3A.SG=2SG.ABS
verb	atuwamma	-ad-u-a=mma	ad-MED-3A.SG=CON
verb	aulta	-aʾ-ol-d-a	aʾ-ol-PL.A-3A
verb	awš	-aw-ž	1A-PL
verb	awul	-aw=l	1A.SG=3PL.ABS
verb	ia	-i-a	3POSS.SG-ESS
verb	ia	-i-a	TR-3A.SG
verb	iam	-i-a=m	TR-3A.SG=CON
verb	iamma	-i-a-mma	TR-3A.SG-NEG
verb	iammal	-i-a-mma=l	TR-3A.SG-NEG=3PL.ABS
verb	ian	-i-a=an	TR-3A.SG=CON
verb	ian	-i-an	MOD.AG-3JUSS
verb	ian	-i-a=n	TR-3A.SG=3SG.ABS
verb	ian	-i-en	MOD.AG-3JUSS
verb	iap	-i-a=m	TR-3A.SG=CON
verb	iaš	-i-a-ž	TR-3A-PL
verb	iašši	-i-a-šše	TR-3A.SG-NMLZ.ABS
verb	i	-e	STAT
verb	iḫa	-eġ-a	eġ-INT
verb	iḫa	-iġ-a	iġ-3A.SG
verb	iḫa	-iġ-a	iġ-INT
verb	i(-)ḫatultašši	-iġ-ad-ol-d-a-šše	iġ-ad-ol-PL.A-3A-NMLZ.ABS
verb	iḫip	-eġ-i-b	eġ-ANTIP-b
verb	i(-)ḫuštal	-i	ANTIP
verb	i(-)ḫuštal	-iġ-ož-d-a=l	iġ-PST-d-INT=3PL.ABS
verb	i(-)ḫuštal	-iġ-ož-d-a=l	iġ-PST-PL.A-3A=3PL.ABS
verb	i(-)ḫuštal	-iġ-ušt-a=l	iġ-RES-3A.SG=3PL.ABS
verb	i(-)ḫuštal	-iġ-ušt-a=l	iġ-RES-INT=3PL.ABS
verb	i	-i	ANTIP
verb	ii	-i-en	MOD.AG-3JUSS
verb	iilla	-i=lla	TR.IMP=3PL.ABS
verb	iilli	-ill-i	ill-ANTIP
verb	iin	-i-en	MOD.AG-3JUSS
verb	iinnnaan	-i-en=nna=an	MOD.AG-3JUSS=3SG.ABS=CON
verb	i	-i	TR.IMP
verb	ikkal	-i-kki=l	ANTIP-NEG=3PL.ABS
verb	ikkamma	-i-kki=mma	ANTIP-NEG=2SG.ABS
verb	ikkatil	-i-kki=dil	ANTIP-NEG=1PL.ABS
verb	ikki	-i-kki	ANTIP-NEG
verb	ikkiman	-i-kki=mān	ANTIP-NEG=CON
verb	ilai	-i-l-ae	MOD.AG-l-PURP
verb	ila	-il-a	il-3A.SG
verb	ila	-il-a	il-INT
verb	ilanni	-i-l-anni	MOD.AG-l-DESID
verb	ilanum	-il-an-o-m	il-an-TR.PFV-3A.SG
verb	ilap	-il-a-b	il-INT-b
verb	ilap	-i=l=am	ANTIP=3PL.ABS=CON
verb	ilap	-il-a=m	il-3A.SG=2SG.ABS
verb	ilap	-il-a=m	il-3A.SG=CON
verb	ilap	-il-a=m	il-INT=2SG.ABS
verb	ilap	-il-a=m	il-INT=CON
verb	ilap	-il-a=v	il-3A.SG=2PL.ABS
verb	ilap	-il-a=v	il-INT=2PL.ABS
verb	ili	-i-le	MOD.AG-1JUSS
verb	il	-i=l	ANTIP=3PL.ABS
verb	il	-i=l	TR.IMP=3PL.ABS
verb	ilimma	-i-le=mma	MOD.AG-1JUSS=2SG.ABS
verb	ilipaš	-i-l-eva-ž	MOD.AG-l-POT-ž
verb	ilipašnna	-i-l-eva-ž=nna	MOD.AG-l-POT-ž=3SG.ABS
verb	ilippa	-i-le=ffa	MOD.AG-1JUSS=2PL.ABS
verb	iliš	-i-l-ež	MOD.AG-l-OPT
verb	illai	-il-i-l-ae	il-MOD.AG-l-PURP
verb	illa	-i=lla	TR.IMP=3PL.ABS
verb	illain	-il-i-l-ae=n	il-MOD.AG-l-PURP=3SG.ABS
verb	illain	-il-i-l-ae=n	il-MOD.AG-l-PURP=CON
verb	illain	-il-i-l-ae-n	il-MOD.AG-l-PURP-n
verb	illain	-ill-i-ae=n	ill-MOD.AG-PURP=3SG.ABS
verb	illain	-ill-i-ae=n	ill-MOD.AG-PURP=CON
verb	illain	-ill-i-ae-n	ill-MOD.AG-PURP-n
verb	illantin	-ill-and-i=n	ill-PL.A-MOD.AG=3SG.ABS
verb	illantin	-ill-and-i-n	ill-PL.A-MOD.AG-n
verb	illantinna	-ill-and-i=nna	ill-PL.A-MOD.AG=3SG.ABS
verb	illantinna	-ill-and-i-n=nna	ill-PL.A-MOD.AG-n=3SG.ABS
verb	illi	-il-i-le	il-MOD.AG-1JUSS
verb	illi	-ill-i	ill-ANTIP
verb	illilla	-il-i-le=lla	il-MOD.AG-1JUSS=3PL.ABS
verb	illim	-ill-i=m	ill-ANTIP=2SG.ABS
verb	illim	-ill-i=m	ill-ANTIP=CON
verb	illum	-ill-o-m	ill-TR.PFV-3A.SG
verb	imai	-i+m+ai	CVB
verb	ima	-i=ma	ANTIP=CON
verb	ima	-i=ma	TR.IMP=CON
verb	imain	-i+m+ai=n	CVB=3SG.ABS
verb	imain	-i+m+ai-n	CVB-n
verb	iman	-i=m=an	ANTIP=2SG.ABS=CON
verb	iman	-i=man	ANTIP=CON
verb	im	-i=m	ANTIP=2SG.ABS
verb	im	-i=m	ANTIP=CON
verb	im	-i=m	TR.IMP=2SG.ABS
verb	im	-i=m	TR.IMP=CON
verb	imma	-i+m+ai	CVB
verb	imma	-i=mma	ANTIP=2SG.ABS
verb	imma	-i=mma	TR.IMP=2SG.ABS
verb	immal	-i+m+ai=l	CVB=3PL.ABS
verb	in	-e=n	STAT=3SG.ABS
verb	in	-e=n	STAT=CON
verb	in	-i-en	MOD.AG-3JUSS
verb	in	-i=n	ANTIP=3SG.ABS
verb	in	-i=n	ANTIP=CON
verb	in	-i=n	TR.IMP=3SG.ABS
verb	in	-i=n	TR.IMP=CON
verb	inna	-i=nna	ANTIP=3SG.ABS
verb	intain	-ind-i-ae=n	PL.A-MOD.AG-PURP=3SG.ABS
verb	intain	-ind-i-ae=n	PL.A-MOD.AG-PURP=CON
verb	intain	-ind-i-ae-n	PL.A-MOD.AG-PURP-n
verb	intašši	-ind-a-šše	PL.A-3A-NMLZ.ABS
verb	inturatil	-ind-o-re-a=dil	PL.A-AG-PTCP-ESS=1PL.ABS
verb	intuš	-ind-o-ež	PL.A-MOD.AG-OPT
verb	intuš	-ind-o-ež	PL.A-MOD.PAT-OPT
verb	ipa	-i-eva	MOD.AG-POT
verb	ipainima	-i-va-en-i=ma	MOD.AG-NEG-3JUSS-EPNTH=CON
verb	ipal	-i-eva=l	MOD.AG-POT=3PL.ABS
verb	ipalla	-i-b-a=lla	ANTIP-b-EPNTH=3PL.ABS
verb	ipalla	-i-eva=lla	MOD.AG-POT=3PL.ABS
verb	ipan	-i-b=an	ANTIP-b=CON
verb	ipan	-i-eva=n	MOD.AG-POT=3SG.ABS
verb	ipatai	-i-vade-ae	AG-ADJ.NEG-INS
verb	ipatan	-i-eva=d=an	MOD.AG-POT=1SG.ABS=CON
verb	ipat	-i-b-a=d	ANTIP-b-EPNTH=1SG.ABS
verb	ipat	-i-eva=d	MOD.AG-POT=1SG.ABS
verb	ipati	-i-vade	AG-ADJ.NEG.ABS
verb	ipatta	-i-b-a=tta	ANTIP-b-EPNTH=1SG.ABS
verb	ipatta	-i-eva=tta	MOD.AG-POT=1SG.ABS
verb	ip	-i-b	ANTIP-b
verb	ipil	-i-b-i=l	ANTIP-b-EPNTH=3PL.ABS
verb	ip	-i=m	ANTIP=CON
verb	ip	-i=v	ANTIP=2PL.ABS
verb	ip	-i=v	TR.IMP=2PL.ABS
verb	ippa	-i-b=ma	ANTIP-b=CON
verb	ippa	-i=ffa	ANTIP=2PL.ABS
verb	ipuram	-i-vōr-a=m	AG-NEG-EPNTH=2SG.ABS
verb	ipuram	-i-vōr-a=m	AG-NEG-EPNTH=CON
verb	ipuram	-i-vōr-a=m	ANTIP-NEG-EPNTH=2SG.ABS
verb	ipuram	-i-vōr-a=m	ANTIP-NEG-EPNTH=CON
verb	ipur	-i-vor	AG-NEG
verb	ipur	-i-vor	ANTIP-NEG
verb	iri	-i-re	AG-PTCP.ABS
verb	iri	-ir-i	ir-ANTIP
verb	irinipi	-i-re-ne-ve	AG-PTCP-RELAT.SG-GEN
verb	iša	-iž-a	iž-3A.SG
verb	iša	-iž-a	iž-INT
verb	iša	-iž-a	iž-INT.IMP
verb	išam	-iž-a=m	iž-INT=2SG.ABS
verb	išam	-iž-a=m	iž-INT=CON
verb	išan	-iž-a=n	iž-3A.SG=3SG.ABS
verb	išanna	-iž-a=nna	iž-3A.SG=3SG.ABS
verb	išanna	-iž-a=nna	iž-INT=3SG.ABS
verb	iš	-i-ež	MOD.AG-OPT
verb	iši	-iž-i	iž-ANTIP
verb	iška	-ešk-a	ešk-3A.SG
verb	iška	-ešk-a	ešk-INT
verb	iššal	-i-ež-a=l	MOD.AG-OPT-EPNTH=3PL.ABS
verb	išta	-išt-a	RES-3A.SG
verb	išta	-išt-a	RES-INT
verb	ištap	-išt-a-b	RES-INT-b
verb	ištiti	-išt-ed-i	RES-FUT-ANTIP
verb	ištu	-išt-o	RES-MOD.PAT
verb	ištu	-išt-u	RES-MED
verb	ištum	-išt-o-m	RES-TR.PFV-3A.SG
verb	ištup	-išt-o-m	RES-TR.PFV-3A.SG
verb	ita	-ed-a	FUT-3A.SG
verb	ita	-id-a	PL.A-3A
verb	ita	-i-d-a	TR-PL.A-3A
verb	ita	-id-en	PL.A-3JUSS
verb	ital	-ed-a=d	FUT-3A.SG=1SG.ABS
verb	ital	-ed-a=l	FUT-3A.SG=3PL.ABS
verb	ital	-i-d-a=d	TR-PL.A-3A=1SG.ABS
verb	ital	-i-d-a=l	TR-PL.A-3A=3PL.ABS
verb	i(-)tamašši	-i	ANTIP
verb	i(-)tamašši	-i-d-a-ma-šše	TR-PL.A-3A-NEG-NMLZ.ABS
verb	itan	-id-en	PL.A-3JUSS
verb	itannim	-id-anni=m	PL.A-DESID=2SG.ABS
verb	itap	-ed-aw	FUT-1A.SG
verb	itaššu	-ed-aššo	FUT-2A.PL
verb	itauš	-ed-aw-ž	FUT-1A-PL
verb	itaw	-ed-aw	FUT-1A.SG
verb	itawul	-ed-aw=l	FUT-1A.SG=3PL.ABS
verb	itia	-ed-i-a	FUT-TR-3A.SG
verb	it	-i=d	ANTIP=1SG.ABS
verb	iti	-ed-i	FUT-ANTIP
verb	iti	-id-en	PL.A-3JUSS
verb	itimain	-i+m+ai-n	CVB-n
verb	itin	-id-en	PL.A-3JUSS
verb	itit	-id-en=d	PL.A-3JUSS=1SG.ABS
verb	itta	-ed-d-a	FUT-PL.A-3A
verb	itta	-et-d-a	FUT-PL.A-3A
verb	itta	-et-d-a	FUT-PL.A-3A.SG
verb	itta	-e=tta	STAT=1SG.ABS
verb	itta	-i=tta	ANTIP=1SG.ABS
verb	itu	-ed-aw	FUT-1A.SG
verb	itu	-ed-o	FUT-2A.SG
verb	itu	-ed-u	FUT-MED
verb	itu	-id-o	PL.A-TR.PFV
verb	itukku	-ed-o-kko	FUT-INT-NEG
verb	itul	-id-o=l	PL.A-TR.PFV=3PL.ABS
verb	ituri	-id-o-re	PL.A-PAT-PTCP.ABS
verb	itušši	-ed-o-šše	FUT-2A.SG-NMLZ.ABS
verb	itušši	-id-o-šše	PL.A-TR.PFV-NMLZ.ABS
verb	ituwa	-ed-u-a	FUT-MED-3A.SG
verb	ituwa	-ed-uw-a	FUT-MED-3A.SG
verb	iu	-i-o	TR-2A.SG
verb	iuppu	-i-uffu	TR-1A.SG.NEG
verb	iuppuma	-i-uffu=ma	TR-1A.SG.NEG=CON
verb	iuppuš	-i-uffu-ž	TR-1A.NEG-PL
verb	iušša	-i-o-šše-a	TR-2A.SG-NMLZ-ESS
verb	iušši	-i-o-šše	TR-2A.SG-NMLZ.ABS
verb	iuššina	-i-o-šše-na	TR-2A.SG-NMLZ-RELAT.PL.ABS
verb	iuššinan	-i-o-šše=n=an	TR-2A.SG-NMLZ.ABS=3SG.ABS=CON
verb	iuššininna	-i-o-šše-ne-nna	TR-2A.SG-NMLZ-RELAT.SG-EQU2
verb	iuššuna	-i-oššo=nna	TR-2A.PL.NEG=3SG.ABS
verb	iutil	-i-o=dil	TR-2A.SG=1PL.ABS
verb	iw	-i-o	TR-2A.SG
verb	lai	-i-l-ae	MOD.AG-l-PURP
verb	la	-l-a	l-INT
verb	li	-i-le	MOD.AG-1JUSS
verb	-ma	=ma	=CON
verb	pa	-b-a	b-INT
verb	rai	-i-l-ae	MOD.AG-l-PURP
verb	raimmanan	-i-l-ae=mma=nan	MOD.AG-l-PURP=2SG.ABS=CON
verb	rii	-i-le	MOD.AG-1JUSS
verb	ri	-i-le	MOD.AG-1JUSS
verb	ripaš	-i-l-eva-ž	MOD.AG-l-POT-ž
verb	riš	-i-l-ež	MOD.AG-l-OPT
verb	ta	-d-a	d-INT
verb	tai	-d-i-ae	d-MOD.AG-PURP
verb	tal	-d-a=l	d-INT=3PL.ABS
verb	tani	-d-an-i	d-an-ANTIP
verb	tani	-d-an-i	d-an-TR.IMP
verb	tanita	-d-an-ed-a	d-an-FUT-3A.SG
verb	tanurum	-d-an-ur-o-m	d-an-ur-TR.PFV-3A.SG
verb	ti	-d-i	d-ANTIP
verb	ti	-d-i	d-TR.IMP
verb	tim	-d-i=m	d-TR.IMP=2SG.ABS
verb	tin	-d-i-en	d-MOD.AG-3JUSS
verb	tip	-d-i-b	d-ANTIP-b
verb	tita	-d-ed-a	d-FUT-3A.SG
verb	titta	-d-et-d-a	d-FUT-PL.A-3A
verb	titum	-d-id-o=m	d-PL.A-TR.PFV=2SG.ABS
verb	titum	-d-id-o=m	d-PL.A-TR.PFV=CON
verb	tiumunan	-d-i-o-mo=n=an	d-TR-2A.SG-NEG=3SG.ABS=CON
verb	tu	-d-o	d-2A.SG
verb	tu	-d-o	d-MOD.PAT
verb	tu	-d-u	d-MED
verb	tukku	-d-o-kko	d-INT-NEG
verb	tum	-d-o=m	d-MOD.PAT=CON
verb	tum	-d-o-m	d-TR.PFV-3A.SG
verb	tum	-d-u=m	d-MED=2SG.ABS
verb	tupur	-d-o-vor	d-INT-NEG
verb	tupur	-d-o-vor	d-PAT-NEG
verb	tuši	-d-ož-i	d-PST-ANTIP
verb	ua	-u-a	MED-3A.SG
verb	uḫal	-oġ-a=l	oġ-3A.SG=3PL.ABS
verb	uḫal	-oġ-a=l	oġ-INT=3PL.ABS
verb	uḫama	-oġ-a=ma	oġ-3A.SG=CON
verb	uḫama	-oġ-a=ma	oġ-INT=CON
verb	uḫa	-oġ-a	oġ-3A.SG
verb	uḫa	-oġ-a	oġ-INT
verb	uḫa	-oġ-a	oġ-INT.IMP
verb	uḫatta	-oġ-a=tta	oġ-3A.SG=1SG.ABS
verb	uḫatta	-oġ-a=tta	oġ-INT=1SG.ABS
verb	uḫi	-oġ-i	oġ-ANTIP
verb	uḫipatta	-uġ-i-b-a=tta	uġ-ANTIP-b-EPNTH=1SG.ABS
verb	uḫipatta	-uġ-i-eva=tta	uġ-MOD.AG-POT=1SG.ABS
verb	uḫipa	-uġ-i-eva	uġ-MOD.AG-POT
verb	uḫiš	-oġ-i-ež	oġ-MOD.AG-OPT
verb	uḫita	-oġ-ed-a	oġ-FUT-3A.SG
verb	uḫitimma	-uġ-id-en=mma	uġ-PL.A-3JUSS=2SG.ABS
verb	uḫitimma	-uġ-id-en=mma	uġ-PL.A-3JUSS=CON
verb	uḫiti	-oġ-ed-i	oġ-FUT-ANTIP
verb	uḫulitaan	-oġ-ol-ed-a=an	oġ-ol-FUT-3A.SG=CON
verb	uḫulitan	-oġ-ol-ed-a=n	oġ-ol-FUT-3A.SG=3SG.ABS
verb	uḫullašši	-oġ-ull-a-šše	oġ-ull-3A.SG-NMLZ.ABS
verb	uḫullašši	-oġ-ull-a-šše	oġ-ull-INT-NMLZ.ABS
verb	uḫum	-oġ-o-m	oġ-TR.PFV-3A.SG
verb	uḫušilai	-oġ-ož-i-l-ae	uġ-ož-MOD.AG-l-PURP
verb	uḫušillantin	-oġ-ož-ill-and-i=n	oġ-ož-ill-PL.A-MOD.AG=3SG.ABS
verb	uḫušillantin	-oġ-ož-ill-and-i-n	oġ-ož-ill-PL.A-MOD.AG-n
verb	uin	-o-en	MOD.PAT-3JUSS
verb	ukara	-ugar-a	RECIP-3A.SG
verb	ukara	-ugar-a	RECIP-INT
verb	ukkam	-o-kko=m	INT-NEG=2SG.ABS
verb	ukkam	-o-kko=m	INT-NEG=CON
verb	ukkunan	-o-kko=n=an	INT-NEG=3SG.ABS=CON
verb	ukkunna	-o-kko=nna	INT-NEG=3SG.ABS
verb	ukku	-o-kko	INT-NEG
verb	uku	-o-kko	INT-NEG
verb	ulain	-o-l-ae=n	MOD.PAT-l-PURP=3SG.ABS
verb	ulain	-o-l-ae=n	MOD.PAT-l-PURP=CON
verb	ulain	-o-l-ae-n	MOD.PAT-l-PURP-n
verb	ulain	-ol-i-ae=n	ol-MOD.AG-PURP=3SG.ABS
verb	ulain	-ol-i-ae=n	ol-MOD.AG-PURP=CON
verb	ulain	-ol-i-ae-n	ol-MOD.AG-PURP-n
verb	ulai	-o-l-ae	MOD.PAT-l-PURP
verb	ulai	-ol-i-ae	ol-MOD.AG-PURP
verb	ulaiš	-o-l-ae-ž	MOD.PAT-l-PURP-ž
verb	ulaišša	-o-l-ae-ž=nna	MOD.PAT-l-PURP-ž=3SG.ABS
verb	ulam	-ol-a=m	ol-INT=2SG.ABS
verb	ulam	-ol-a=m	ol-INT=CON
verb	ula	-ol-a	ol-3A.SG
verb	ula	-ol-a	ol-INT
verb	ula	-ol-a	ol-INT.IMP
verb	ulapalla	-ol-a-b-a=lla	ol-INT-b-EPNTH=3PL.ABS
verb	ulašši	-ol-a-šše	ol-3A.SG-NMLZ.ABS
verb	ulatilai	-ol-ad-i-l-ae	ol-ad-MOD.AG-l-PURP
verb	ulatu	-ol-ad-o	ol-ad-MOD.PAT
verb	ulatu	-ol-ad-u	ol-ad-MED
verb	ula	-ul-a	ul-3A.SG
verb	ula	-ul-a	ul-INT
verb	ulauš	-ol-aw-ž	ol-1A-PL
verb	ulauš	-ul-aw-ž	ul-1A-PL
verb	ulaw	-ol-aw	ol-1A.SG
verb	ulaw	-ul-aw	ul-1A.SG
verb	ulawunna	-ol-aw=nna	ol-1A.SG=3SG.ABS
verb	ulia	-ol-i-a	ol-TR-3A.SG
verb	ulilita	-ol-il-ed-a	ol-il-FUT-3A.SG
verb	ulillantu	-ol-ill-and-o	ol-ill-PL.A-MOD.PAT
verb	ulilla	-ol-i=lla	ol-ANTIP=3PL.ABS
verb	u(-)lillii	-ol-il-i-le	ol-il-MOD.AG-1JUSS
verb	u(-)lillii	-o	MOD.PAT
verb	u(-)lillii	-u	MED
verb	ulil	-ol-i=l	ol-ANTIP=3PL.ABS
verb	ulimain	-ol-i+m+ai-n	ol-CVB-n
verb	ulima	-ul-i=ma	ul-ANTIP=CON
verb	ulima	-ul-i=ma	ul-TR.IMP=CON
verb	ulim	-ol-i=m	ol-TR.IMP=2SG.ABS
verb	ulinai	-ul-in-i-ae	ul-in-MOD.AG-PURP
verb	ulin	-ol-i-en	ol-MOD.AG-3JUSS
verb	uli	-ol-i	ol-ANTIP
verb	uli	-ol-i	ol-TR.IMP
verb	ulipa	-o-l-eva	MOD.PAT-l-POT
verb	ulip	-ol-i-b	ol-ANTIP-b
verb	ulišanna	-ol-iž-a=nna	ol-iž-3A.SG=3SG.ABS
verb	ulišanna	-ol-iž-a=nna	ol-iž-INT=3SG.ABS
verb	uliša	-ol-iž-a	ol-iž-3A.SG
verb	uliša	-ol-iž-a	ol-iž-INT
verb	ulišat	-ul-iž-a=d	ul-iž-3A.SG=1SG.ABS
verb	uliš	-o-l-ež	MOD.PAT-l-OPT
verb	ulišši	-ol-i-šše	ol-ANTIP-NMLZ.ABS
verb	ulišta	-ol-išt-a	ol-RES-3A.SG
verb	ulišta	-ol-išt-a	ol-RES-INT
verb	ulitaan	-ol-ed-a=an	ol-FUT-3A.SG=CON
verb	ulitan	-ol-ed-a=n	ol-FUT-3A.SG=3SG.ABS
verb	ulita	-ol-ed-a	ol-FUT-3A.SG
verb	ulitu	-ol-id-o	ol-PL.A-TR.PFV
verb	ullan	-o=lla=an	MOD.PAT=3PL.ABS=CON
verb	ullan	-oll-a=an	oll-INT.IMP=CON
verb	ullan	-oll-a=n	oll-INT.IMP=3SG.ABS
verb	ulla	-o=lla	MOD.PAT=3PL.ABS
verb	ullata	-oll-ad-a	oll-ad-3A.SG
verb	ullata	-oll-ad-a	oll-ad-INT
verb	ulla	-u=lla	MED=3PL.ABS
verb	ulla	-ull-a	ull-3A.SG
verb	ullima	-ulli=ma	ulli=CON
verb	ulli	-ol-i-le	ol-MOD.AG-1JUSS
verb	ulli	-ull-i	ull-ANTIP
verb	ulli	-ulli	ulli
verb	ul	-o=l	MOD.PAT=3PL.ABS
verb	ulta	-ol-d-a	ol-PL.A-3A
verb	ultaššinamma	-ol-d-a-šše-na=mma	ol-PL.A-3A-NMLZ-RELAT.PL.ABS=CON
verb	ultašši	-ol-d-a-šše	ol-PL.A-3A-NMLZ.ABS
verb	ulullup	-ol-ull-o-m	ol-ull-TR.PFV-3A.SG
verb	ul	-u=l	MED=3PL.ABS
verb	ulum	-ol-o-m	ol-TR.PFV-3A.SG
verb	ulumul	-ol-o-mo=l	ol-2A.SG-NEG=3PL.ABS
verb	ulumul	-ol-om-o=l	ol-om-2A.SG=3PL.ABS
verb	ulunpuššinipi	-ul-umb-u-šše-ne-ve	ul-umb-MED-NMLZ-RELAT.SG-GEN
verb	uluntašši	-ol-u-nd-a-šše	ol-MED-PL.A-3A-NMLZ.ABS
verb	ulu	-ol-o	ol-2A.SG
verb	ulu	-ol-o	ol-MOD.PAT
verb	ulu	-ol-u	ol-MED
verb	ulup	-ol-o-m	ol-TR.PFV-3A.SG
verb	uluppu	-ol-uffu	ol-1A.SG.NEG
verb	uluša	-ol-ož-a	ol-PST-3A.SG
verb	uluššina	-ol-o-šše-na	ol-2A.SG-NMLZ-RELAT.PL.ABS
verb	ulušši	-ol-o-šše	ol-2A.SG-NMLZ.ABS
verb	uluštip	-ul-ušt-i-b	ul-RES-ANTIP-b
verb	uluštip	-ul-ušt-i=m	ul-RES-ANTIP=2SG.ABS
verb	uluštip	-ul-ušt-i=m	ul-RES-TR.IMP=2SG.ABS
verb	uluštiri	-ol-ošt-i-re	ol-RES-AG-PTCP
verb	uluta	-ol-u-d-a	ol-MED-PL.A-3A
verb	uluta	-ol-ud-a	ol-ud-3A.SG
verb	uluta	-ol-ud-a	ol-ud-INT
verb	ulutum	-ol-ud-o-m	ol-NEG-TR.PFV-3A.SG
verb	uluwa	-ol-u-a	ol-MED-3A.SG
verb	umailla	-o+m+ai=lla	CVB=3PL.ABS
verb	umaim	-o+m+ai=m	CVB=2SG.ABS
verb	umaim	-o+m+ai=m	CVB=CON
verb	umain	-o+m+ai=n	CVB=3SG.ABS
verb	umain	-o+m+ai-n	CVB-n
verb	umai	-o+m+ai	CVB
verb	umalla	-o-m-a=lla	TR.PFV-3A.SG-EPNTH=3PL.ABS
verb	uma	-o+m+ai	CVB
verb	uma	-o=ma	MOD.PAT=CON
verb	uma	-o-m=ma	TR.PFV-3A.SG=CON
verb	umaššinipa	-o-m-ašše-ne-va	TR.PFV-3A.SG-NMLZ-RELAT.SG-DAT
verb	uma	-u=ma	MED=CON
verb	umi	-om-i	om-ANTIP
verb	ummai	-o+m+ai	CVB
verb	ummalla	-o-m-a=lla	TR.PFV-3A.SG-EPNTH=3PL.ABS
verb	umma	-o-m=ma	TR.PFV-3A.SG=CON
verb	umma	-umme-a	INF-ESS
verb	ummia	-umme-a	INF-ESS
verb	ummini	-umme-ne-e	INF-RELAT.SG-DIR/LOC
verb	ummini	-umme-ne	INF-ABL/INS
verb	ummi	-umme	INF.ABS
verb	ummušu	-umm-ož-o	umm-PST-2A.SG
verb	ummušu	-umm-ož-u	umm-PST-MED
verb	um	-o=m	MOD.PAT=2SG.ABS
verb	um	-o=m	MOD.PAT=CON
verb	um	-o-m	TR.PFV-3A.SG
verb	umpu	-umb-o	umb-MOD.PAT
verb	umpu	-umb-u	umb-MED
verb	um	-u=m	MED=CON
verb	una	-on-a	on-3A.SG
verb	una	-on-a	on-INT
verb	unila	-on-il-a	on-il-3A.SG
verb	unila	-on-il-a	on-il-INT
verb	unila	-on-i=lla	on-ANTIP=3PL.ABS
verb	uni	-on-i	on-ANTIP
verb	unišat	-on-iž-a=d	on-iž-3A.SG=1SG.ABS
verb	unitin	-on-id-en	on-PL.A-3JUSS
verb	unna	-o=nna	MOD.PAT=3SG.ABS
verb	un	-o=n	MOD.PAT=3SG.ABS
verb	untaššinama	-u-nd-a-šše-na=ma	MED-PL.A-3A-NMLZ-RELAT.PL.ABS=CON
verb	untaššinamma	-u-nd-a-šše-na=mma	MED-PL.A-3A-NMLZ-RELAT.PL.ABS=CON
verb	untašši(-) 	-u-nd-a-šše	MED-PL.A-3A-NMLZ.ABS
verb	unturininna	-und-o-re-ne-nna	PL.A-PAT-PTCP-RELAT.SG-EQU2
verb	u	-o	2A.SG
verb	u	-o	MOD.AG
verb	u	-o	MOD.PAT
verb	upalla	-u-a=lla	MED-3A.SG=3PL.ABS
verb	upati	-o-vade	PAT-ADJ.NEG.ABS
verb	upa	-u-a	MED-3A.SG
verb	upa	-uw-a	MED-3A.SG
verb	upin	-o-va-en	MOD.PAT-NEG-3JUSS
verb	up	-o-m	TR.PFV-3A.SG
verb	uppa	-uff-a	uff-3A.SG
verb	uppa	-uff-a	uff-INT
verb	uppa	-upp-a	upp-3A.SG
verb	uppa	-upp-a	upp-INT
verb	uppi	-upp-i	upp-ANTIP
verb	uppul	-uffu=l	1A.SG.NEG=3PL.ABS
verb	uppur	-o-vor	INT-NEG
verb	uppuš	-uffu-ž	1A.NEG-PL
verb	uppu	-uffu	1A.SG.NEG
verb	upur	-o-vor	INT-NEG
verb	urap	-ur-a-b	ur-INT-b
verb	urat	-ur-a=d	ur-3A.SG=1SG.ABS
verb	ura	-ur-a	ur-INT
verb	urinilla	-o-re-ne-e=lla	PAT-PTCP-RELAT.SG-DIR/LOC=3PL.ABS
verb	urinilla	-o-re-ne=lla	PAT-PTCP-ABL/INS=3PL.ABS
verb	urinilla	-o-re-ne-ž=lla	PAT-PTCP-RELAT.SG-ERG=3PL.ABS
verb	uri	-o-re	PAT-PTCP.ABS
verb	uripain	-ur-i-va-en	ur-MOD.AG-NEG-3JUSS
verb	uripa	-ur-i-eva	ur-MOD.AG-POT
verb	uriš	-o-re-i-ž	PAT-PTCP-3POSS.SG-ERG
verb	uriš	-o-re-ž	PAT-PTCP-ERG
verb	uri	-ur-i	ur-ANTIP
verb	urum	-ur-o-m	ur-TR.PFV-3A.SG
verb	uru	-ur-o	ur-MOD.PAT
verb	uru	-ur-u	ur-MED
verb	ušai	-ož-i-ae	ož-MOD.AG-PURP
verb	ušalla	-o-ež-a=lla	MOD.PAT-OPT-EPNTH=3PL.ABS
verb	ušamma	-ož-a=mma	PST-3A.SG=2SG.ABS
verb	ušamma	-ož-a=mma	PST-3A.SG=CON
verb	uša	-ož-a	PST-3A.SG
verb	ušašši	-ož-a-šše	PST-3A.SG-NMLZ.ABS
verb	ušilantin	-ož-ill-and-i=n	ož-ill-PL.A-MOD.AG=3SG.ABS
verb	ušilantin	-ož-ill-and-i-n	ož-ill-PL.A-MOD.AG-n
verb	ušillaim	-ož-ill-i-ae=m	ož-ill-MOD.AG-PURP=CON
verb	ušillain	-ož-ill-i-ae=n	ož-ill-MOD.AG-PURP=3SG.ABS
verb	ušillain	-ož-ill-i-ae-n	ož-ill-MOD.AG-PURP-n
verb	ušillai	-ož-il-i-l-ae	ož-il-MOD.AG-l-PURP
verb	ušillai	-ož-ill-i-ae	ož-ill-MOD.AG-PURP
verb	ušillantin	-ož-ill-and-i=n	ož-ill-PL.A-MOD.AG=3SG.ABS
verb	ušillantin	-ož-ill-and-i-n	ož-ill-PL.A-MOD.AG-n
verb	ušima	-ož-i=ma	PST-ANTIP=CON
verb	uši	-ož-i	PST-ANTIP
verb	ušipma	-už-i-b=ma	už-ANTIP-b=CON
verb	ušippa	-ož-i=ffa	PST-ANTIP=2PL.ABS
verb	ušippa	-už-i-b=ma	už-ANTIP-b=CON
verb	ušiš	-už-i-ež	už-MOD.AG-OPT
verb	ušita	-ož-ed-a	ož-FUT-3A.SG
verb	uš	-o-ež	MOD.PAT-OPT
verb	uš	-ož	EQU
verb	uššuinim	-ušš-o-en-i=m	ušš-MOD.PAT-3JUSS-EPNTH=2SG.ABS
verb	uššuinim	-ušš-o-en-i=m	ušš-MOD.PAT-3JUSS-EPNTH=CON
verb	uššuinnim	-ušš-o-en-i=m	ušš-MOD.PAT-3JUSS-EPNTH=2SG.ABS
verb	uššuinnim	-ušš-o-en-i=m	ušš-MOD.PAT-3JUSS-EPNTH=CON
verb	uštal	-ož-d-a=l	PST-d-3A.SG=3PL.ABS
verb	uštal	-ož-d-a=l	PST-PL.A-3A=3PL.ABS
verb	uštal	-ušt-a=l	RES-3A.SG=3PL.ABS
verb	uštal	-ušt-a=l	RES-INT=3PL.ABS
verb	ušta	-ož-d-a	PST-PL.A-3A
verb	uštapal	-ošt-a-b-a=l	RES-INT-b-EPNTH=3PL.ABS
verb	uštap	-ošt-aw	RES-1A.SG
verb	uštap	-ušt-a-b	RES-INT-b
verb	uštap	-ušt-aw	RES-1A.SG
verb	ušta	-ušt-a	RES-3A.SG
verb	uštaw	-ošt-aw	RES-1A.SG
verb	uštaw	-ušt-aw	RES-1A.SG
verb	uštiiš	-ošt-i-ež	RES-MOD.AG-OPT
verb	uštil	-o-ež=dil	MOD.PAT-OPT=1PL.ABS
verb	uštil	-ošt-i=l	RES-ANTIP=3PL.ABS
verb	uštil	-ošt-i=l	RES-TR.IMP=3PL.ABS
verb	uštil	-ušt-i=l	RES-ANTIP=3PL.ABS
verb	uštil	-ušt-i=l	RES-TR.IMP=3PL.ABS
verb	ušti	-ošt-i	RES-ANTIP
verb	ušti	-ošt-i	RES-TR.IMP
verb	uštukariša	-ošt-ugar-iž-a	RES-RECIP-iž-3A.SG
verb	uštum	-ošt-o-m	RES-TR.PFV-3A.SG
verb	uštum	-ušt-o=m	RES-MOD.PAT=CON
verb	uštum	-ušt-o-m	RES-TR.PFV-3A.SG
verb	uštu	-ošt-o	RES-MOD.PAT
verb	uštu	-ošt-u	RES-MED
verb	uštu	-ušt-o	RES-MOD.PAT
verb	uštu	-ušt-u	RES-MED
verb	ušuinim	-ušš-o-en-i=m	ušš-MOD.PAT-3JUSS-EPNTH=2SG.ABS
verb	ušuinim	-ušš-o-en-i=m	ušš-MOD.PAT-3JUSS-EPNTH=CON
verb	ušum	-ož-o-m	ož-TR.PFV-3A.SG
verb	ušu	-ož-o	PST-2A.SG
verb	ušu	-ož-u	PST-MED
verb	ušuš	-ož-o-ež	ož-MOD.PAT-OPT
verb	ušušši	-ož-o-šše	PST-2A.SG-NMLZ.ABS
verb	ušuš	-už-o-ež	už-MOD.PAT-OPT
verb	ušutamma	-ož-ud-a=mma	ož-ud-INT=2SG.ABS
verb	ušutam	-ož-ud-a=m	ož-ud-INT=2SG.ABS
verb	utara	-ud-ar-a	ud-ITER-3A.SG
verb	utara	-ud-ar-a	ud-ITER-INT
verb	uta	-u-d-a	MED-PL.A-3A
verb	uta	-ud-a	ud-3A.SG
verb	uta	-ud-a	ud-INT
verb	util	-u=dil	MED=1PL.ABS
verb	util	-ud-i=l	ud-ANTIP=3PL.ABS
verb	u(-)tipina	-o	MOD.PAT
verb	utiš	-ud-i-ež	NEG-MOD.AG-OPT
verb	uti	-ud-i	ud-ANTIP
verb	uti	-ud-i	ud-TR.IMP
verb	ut	-o=d	MOD.PAT=1SG.ABS
verb	uttum	-ud-id-o=m	NEG-PL.A-TR.PFV=2SG.ABS
verb	uttum	-ud-id-o=m	ud-PL.A-TR.PFV=2SG.ABS
verb	ut	-u=d	MED=1SG.ABS
verb	utulitašši	-ud-ol-ed-a-šše	ud-ol-FUT-3A.SG-NMLZ.ABS
verb	utum	-ud-o-m	NEG-TR.PFV-3A.SG
verb	utum	-ud-o-m	ud-TR.PFV-3A.SG
verb	utupati	-ud-o-vade	ud-PAT-ADJ.NEG.ABS
verb	utu	-ud-u	ud-MED
verb	utuwa	-od-o-eva	od-MOD.PAT-POT
verb	utuwa	-od-uw-a	od-MED-3A.SG
verb	utuwa	-ud-o-eva	NEG-MOD.PAT-POT
verb	u	-u	MED
verb	u(-)unturinamma	-u	MED
verb	u(-)unturippamma	-u	MED
verb	uwa	-u-a	MED-3A.SG
verb	uwa	-uw-a	MED-3A.SG
verb	uwin	-o-en	MOD.PAT-3JUSS
verb	uwin	-o-va-en	MOD.PAT-NEG-3JUSS
