ADJ	3-ḫ	kig+am+ġe	dreifach
ADJ	allanuḫḫi	alla+n+o+ḫḫe	königlich (weiblich)
ADJ	alpupati	alv+o+vade	u.B.
ADJ	amatti	ammatte	früher, uralt
ADJ	ammatti	ammatte	früher, uralt
ADJ	ašnuš	āžn+o+že	u.B.
ADJ	aštuḫḫ	ašt+o+ḫḫe	weiblich
ADJ	aštuḫḫi	ašt+o+ḫḫe	weiblich
ADJ	aštuin	ašt+o+ʾe	weiblich
ADJ	aštuwi	ašt+o+ʾe	weiblich
ADJ	DAGAL	DAGAL	breit
ADJ	DAGAL-	DAGAL	breit
ADJ	DAGAL-n	DAGAL.ni	breit
ADJ	DAGALn	DAGAL.ni	breit
ADJ	ḫattuḫ	ḫatt+o+ġe	hethitisch; zu Ḫattuša gehörig
ADJ	ḫattuḫḫi	ḫatt+o+ḫḫe	hethitisch; zu Ḫattuša gehörig
ADJ	ḫattuḫi	ḫatt+o+ġe	hethitisch; zu Ḫattuša gehörig
ADJ	ḫiarun	ḫiar+o+ni	sämtliche
ADJ	ḫiaruni	ḫiar+o+ni	sämtliche
ADJ	ḫimsatḫuši	ḫimz+atḫ+ō+že	gegürtet
ADJ	ḫišmuš	ḫižm+o+že	glänzend
ADJ	ḫišmuši	ḫižm+o+že	glänzend
ADJ	ḫumaruḫḫi	ḫōm+ar+o+ḫḫe	lapislazuli
ADJ	ikun	eg+ō+ni	rein
ADJ	ikun	eg+o+nni	rein?; süß?
ADJ	ikunn	eg+o+nni	rein?; süß?
ADJ	ikunni	eg+o+nni	rein?; süß?
ADJ	itkunturi	itk+und+o+re	gereinigt
ADJ	itkuntur	itk+und+o+re	gereinigt
ADJ	kilan	kil+ā+ni	hochragend?
ADJ	kiraši	ker+a+šše	dauerhaft; lang
ADJ	kiraši	ker+ā+že	dauerhaft; lang
ADJ	kirašši	ker+a+šše	dauerhaft; lang
ADJ	kiritti	kerētte	lang?
ADJ	kummuḫi	kumm+ō+ġe	zu Kumme gehörig
ADJ	naḫḫupati	naḫḫ+o+vade	unbesiedelte
ADJ	naḫḫupat	naḫḫ+o+vade	unbesiedelte
ADJ	natkammani	natk+āmm+a+ni	zerstört?
ADJ	natkamman	natk+āmm+a+ni	zerstört?
ADJ	ninuwaḫi	ninuwa+ġe	ninivitisch
ADJ	nirši	nir+že	gut
ADJ	nirš	nir+že	gut
ADJ	nirupati	nir+o+bāde	ungut
ADJ	paḫraši	faġr+a+že	gut; schön
ADJ	paḫrupati	faġr+o+vāde	ungut
ADJ	paḫruš	faġr+o+že	gut; schön
ADJ	paḫruši	faġr+o+že	gut; schön
ADJ	paḫruwat	faġr+o+vāde	ungut
ADJ	paḫruwati	faġr+o+vāde	ungut
ADJ	pailia	pa+ilia	gebaut
ADJ	pali	pāli	falsch
ADJ	pal	pāli	falsch
ADJ	šallai	šallae	verschluckte
ADJ	šarraššiḫ	šarr+a+šši+ġe	zum Königtum gehörig
ADJ	šawi	šāwē	groß?; hervorragend?
ADJ	šiḫali	šeġali	rein
ADJ	šiḫal	šeġali	rein
ADJ	šiḫalupat	šēġal+o+bade	unrein
ADJ	sikkuḫ	sikk+o+ġe	zerbrochen
ADJ	šinaḫi	šin+a+ġe	zur zweiten (Position) gehörig?
ADJ	šituilia	šēd+oʾ+ilia	fett-gemachte
ADJ	suk	sūgi	klein?
ADJ	sulupati	sul+o+bade	ungebundene
ADJ	šummi	šummi	alle, ganz
ADJ	šumm	šummi	alle, ganz
ADJ	šupi	šōbi	böse
ADJ	takiši	tage+že	hell
ADJ	takuri	tāg+ō+re	beleuchtet (?)
ADJ	takur	tāg+ō+re	beleuchtet (?)
ADJ	talamti	talam+di	groß
ADJ	talapaši	talāv+a+že	groß
ADJ	talapuši	talāv+o+že	groß
ADJ	talmuḫ	talm+oḫḫe	groß
ADJ	tapilia	tab+ilia	Gegossene
ADJ	tapšaḫuḫḫ	tapš+aġ+o+ḫḫe	u.B.
ADJ	tatiašši	tād+i+a+šše	die Liebende?; die Liebliche?
ADJ	tii	tei	viel
ADJ	timiri	timeri	dunkel
ADJ	timir	timeri	dunkel
ADJ	tišši	tešše	erhaben
ADJ	tišš	tešše	erhaben
ADJ	titipatuḫḫ	tid+i+vad+o+ḫḫe	unzählig?
ADJ	tukrišuḫ	tugriž+ō+ġe	von Tugrizh
ADJ	turuḫḫi	tor+o+ḫḫe	männlich
ADJ	turuḫḫi	tur+o+ḫḫe	männlich
ADJ	turuḫḫ	tor+o+ḫḫe	männlich
ADJ	turui	tur+o+ʾe	männlich
ADJ	ulluḫḫ	ōll+o+ḫḫe	niedergedrückt?
ADJ	ulpi	olvi	fremd?
ADJ	upi	ove	töricht
ADJ	urḫi	ūrġi	wahr
ADJ	urḫ	ūrġi	wahr
ADJ	uruntal	orundali	hinterer
ADJ	uwi	ove	töricht
ADV	ammi	āmmī	zuvor
ADV	anam	anam	so
ADV	anammi	anammi	so
ADV	apina	avi+n	vorne
ADV	apin	avi+n	vorne
ADV	artuḫi	ard+o+ġe	städtisch?
ADV	ašḫu	ašḫo	oben
ADV	ašḫuwi	āšḫo+e	hinauf
ADV	ati	adi	so
ADV	ḫaruwi	ḫāru+i	u.B.
ADV	ḫini	ḫenni	jetzt
ADV	ḫinna	ḫenna	jetzt
ADV	ḫinni	ḫenni	jetzt
ADV	ia	īa	warum
ADV	inna	īnna	so
ADV	inu	inu	wie
ADV	inummi	enummē	wie
ADV	KI.MIN	KI.MIN	ditto
ADV	nutuwi	nōdū+i	u.B.
ADV	pantin	fandi+n	rechts
ADV	šapui	šāvō+e	u.B.
ADV	sarrui	sarru+i	u.B.
ADV	šini	šini	weiterhin; wieder; ferner
ADV	šinsuḫḫ	šin+z+o+ḫḫe	zum anderen
ADV	šukki	šokki	zum einen
ADV	šummin	šummi+n	gänzlich
ADV	šummi	šummi+n	gänzlich
ADV	tanu	tānu	machbar?
ADV	tarpu	tarbu	u.B.
ADV	tia	tēa	sehr
ADV	ti	tēi	sehr
ADV	tiunai	te+o+n+āe	viel
ADV	tupšuri	topš+ō+re	Beschwörter?
ADV	turia	tūri	unten; hinab
ADV	turii	tūrī+e	hinab
ADV	turi	tūri	unten; hinab
ADV	ukku	ukku	u.B.
ADV	unnu	onnu	nun
ADV	untu	ondu	nun
ADV	ZAG-in	fandi+n	rechts
CONJ	ai	ai	falls; wenn
CONJ	aii	ai	falls; wenn
CONJ	alaši	alāže	ob; entweder
CONJ	annu	ānnu	u.B.
CONJ	E	ai	falls; wenn
CONJ	E-i	ai	falls; wenn
CONJ	ia	īa	REL
CONJ	i	ai	falls; wenn
CONJ	inu	inu	wie
CONJ	KÚR-ni(-)i	ai	falls; wenn
CONJ	ma	mā	folgendermaßen
CONJ	m	mā	folgendermaßen
INTJ	au	aō	Siehe!
INTJ	ḫuwi	ḫuwe	u.B.
INTJ	ui	ue	nein
noun	10-p	Teššob	DN
noun	10-šup	Teššob	DN
noun	10-šuw	Teššob	DN
noun	10-	Teššob	DN
noun	10-upp	Teššob	DN
noun	10-up	Teššob	DN
noun	10up	Teššob	DN
noun	2-ḫ	šin+am+ġe	zweifach
noun	30-ḫ	Kužuġ	DN
noun	30-	Kužuġ	DN
noun	30	Kužuġ	DN
noun	30-uḫ	Kužuġ	DN
noun	A-A-a	Aia	Ea (DN)
noun	A-A	Aia	Ea (DN)
noun	A-A-	Aia	Ea (DN)
noun	aḫarr	aġarri	Weihrauch
noun	aḪARr	aġri	Weihrauch
noun	aḫarri	aġarri	Weihrauch
noun	AḪluki	aġluge	u.B.
noun	AḪluki	eġluge	u.B.
noun	AḪluki	iġluge	u.B.
noun	AḪluki	oġluge	u.B.
noun	AḪluki	uġluge	u.B.
noun	aḫmišar	āġmižari	u.B.
noun	aḫmišari	āġmižari	u.B.
noun	aḫr	aġri	Weihrauch
noun	aḫri	aġri	Weihrauch
noun	aḫrinn	aġr+i+nni	u.B.
noun	aḫrinni	aġr+i+nni	u.B.
noun	aḫrušḫi	aġr+o+šḫe	Räucherschale
noun	aḫui	aġui	u.B.
noun	aḫur	aġuri	u.B.
noun	aḫuri	aġuri	u.B.
noun	aia	Aia	Ea (DN)
noun	aiankur	aianguri	u.B.
noun	aiankuri	aianguri	u.B.
noun	aikaltu	Aigaldu	DN
noun	aišš	aēšši	u.B.
noun	aiu	Aiu	DN
noun	aiw	Aiu	DN
noun	aka	aga	(Land) diesseits
noun	ak	agi	u.B.
noun	akašši	ag+a+šše	u.B.
noun	aki	agi	u.B.
noun	akir	agēri	u.B.
noun	akiš	ag+i+že	u.B.
noun	akkati	akk+ade	u.B.
noun	akul	aguli	u.B.
noun	akuli	aguli	u.B.
noun	akurn	ag+ūr+ni	Verzierung
noun	alal	alāli	ein Gewand
noun	alal	Alalu	DN
noun	alalu	Alalu	DN
noun	alam	alami	u.B.
noun	alaši	al+ā+že	u.B.
noun	alḫi	alġi	u.B.
noun	alipši	al+ipš+i	Ziegel
noun	alipt	al+i+pte	u.B.
noun	alla	ālla+i	Herrin
noun	allai	ālla+i	Herrin
noun	allan	Āllāni	DN
noun	allan	alla+ni	Königin
noun	allani	Āllāni	DN
noun	allani	alla+ni	Königin
noun	allansu	Allanzō	DN
noun	alliḫ	all+ī+ġe	u.B.
noun	allumat	allum+āde	u.B.
noun	allumi	allumi	u.B.
noun	alp	ālbi	u.B.
noun	alp	ālvi	u.B.
noun	als	alzi	u.B.
noun	alšiall	ālžīālli	Widersprecher?
noun	alsialli	ālžīālli	Widersprecher?
noun	alšialli	ālžīālli	Widersprecher?
noun	altai	aldā+i	u.B.
noun	alt	aldi	u.B.
noun	alulpi	alulbi	u.B.
noun	alumpasḫi	al+u+mb+a+sḫi	u.B.
noun	alupasḫi	al+u+mb+a+sḫi	u.B.
noun	alupati	al+o+bade	u.B.
noun	alur	al+o+re	u.B.
noun	aluri	al+o+re	u.B.
noun	amann	am+a+nni	u.B.
noun	amanni	am+a+nni	u.B.
noun	amanum	am+ān+umi	u.B.
noun	amarikkuwa	Amarikkuwa	GN
noun	ami	āmi	u.B.
noun	amir	amīri	u.B.
noun	amiri	amīri	u.B.
noun	amissatu	Amissadu	DN
noun	ammann	āmm+a+nni	u.B.
noun	ammanni	āmm+a+nni	u.B.
noun	ammumk	ammumgi	u.B.
noun	ammumki	ammumgi	u.B.
noun	ammummi	amm+u+mmi	Administrator
noun	ammurami	ammurami	u.B.
noun	ammušikkunn	amm+ož+ikk+o+nni	u.B.
noun	ammušikkunni	amm+ož+ikk+o+nni	u.B.
noun	amp	āmbi	u.B.
noun	ampaš	amb+a+že	Brandopfer
noun	ampašši	amb+a+šše	Brandopfer
noun	amum	am+o+mi	Botschaft
noun	amumi	amm+u+mmi	Administrator
noun	amuminn	am+om+i+nni	Verwalter
noun	amuminni	am+om+i+nni	Verwalter
noun	amur	amuri	u.B.
noun	amuri	amuri	u.B.
noun	anaki	anagi	u.B.
noun	ananariški	an+an+ar+i+ški	Freude?
noun	an	Āni	DN
noun	ananišḫ	an+an+e+šḫe	Freude?; Erfreuliches?
noun	an	ani	u.B.
noun	ani	Āni	DN
noun	ann	anni	u.B.
noun	anni	anni	u.B.
noun	annipi	annivi	u.B.
noun	ansal	ānz+ali	u.B.
noun	anšal	ānz+ali	u.B.
noun	ansank	anz+angi	u.B.
noun	ans	anzi	u.B.
noun	ANŠE.KUR.RA-	išši	u.B.
noun	ansi	anzi	u.B.
noun	ansiḫ	anz+i+ġe	u.B.
noun	apaḫḫ	avaḫḫi	Erster?
noun	apal	av+al+i	Feld
noun	apalḫ	abal+ġe	u.B.
noun	apalḫ	av+al+ġe	u.B.
noun	apalḫi	abal+ġe	u.B.
noun	apalḫi	av+al+ġe	u.B.
noun	apali	av+al+i	Feld
noun	apar	abāri	Blei?
noun	apar	ab+ar+i	u.B.
noun	apar	avari	offenes Land
noun	apari	abāri	Blei?
noun	apari	ab+ar+i	u.B.
noun	apari	avari	offenes Land
noun	apart	abardi	u.B.
noun	aparti	abardi	u.B.
noun	*ap	avi	Gesicht
noun	ap	avi	Gesicht
noun	ap	avi	u.B.
noun	api	ābē	Opfergrube?
noun	api	ābi	Opfergrube
noun	api	abi	u.B.
noun	api	ave	u.B.
noun	api	avi	Gesicht
noun	apiḫar	ab+iġ+ar+i	ein Oberflächenmaß
noun	apiḫari	ab+iġ+ar+i	ein Oberflächenmaß
noun	apininan	abinin+a+ni	u.B.
noun	apininann	abinin+a+nni	u.B.
noun	apininanni	abinin+a+nni	u.B.
noun	apinnan	abenn+a+ni	u.B.
noun	apinnann	abenn+a+nni	u.B.
noun	apinnanni	abenn+a+nni	u.B.
noun	appiti	appide	u.B.
noun	appupi	appubi	u.B.
noun	appupi	tuppubi	u.B.
noun	appupi	umbubi	u.B.
noun	apr	abri	u.B.
noun	apri	abri	u.B.
noun	apši	apše	Schlange
noun	apsišna	Apsižnā	GN
noun	apsišn	Apsižnā	GN
noun	apsu	Apsu	GN
noun	apsukk	āpsukki	u.B.
noun	apunti	abundi	Feld
noun	araki	arāgi	u.B.
noun	aransiḫ	Aranziḫ	GN
noun	aransiḫu	Aranziġō	GN
noun	aransulin	aranz+ūll+i+nni	u.B.
noun	aransullinn	aranz+ūll+i+nni	u.B.
noun	arar	ārari	das Böse, Unheil
noun	arari	ārari	das Böse, Unheil
noun	ar	āri	das Böse
noun	ar	ari	u.B.
noun	ari	āri	das Böse
noun	ari	ari	u.B.
noun	aril	arili	u.B.
noun	arili	arili	u.B.
noun	aripi	arīvi	u.B.
noun	aripipla	Arib.Ebla	PN
noun	aripipl	Arib.Ebla	PN
noun	arir	ar+i+re	Geber
noun	ariri	ar+i+re	Geber
noun	arišš	ar+e+šše	u.B.
noun	arm	armi	u.B.
noun	armimmi	arm+i+mmi	u.B.
noun	arn	arni	Sünde
noun	arn	ārni	u.B.
noun	arni	arni	Sünde
noun	arnunn	arn+o+nni	u.B.
noun	arnunni	arn+o+nni	u.B.
noun	arnup	arnubi	u.B.
noun	arnupat	arn+o+bade	u.B.
noun	arnupati	arn+o+bade	u.B.
noun	arpar	arb+ar+i	u.B.
noun	arpari	arb+ar+i	u.B.
noun	arpi	ārbi	u.B.
noun	arrulutḫi	arr+ol+o+tḫe	u.B.
noun	art	arde	Stadt
noun	arti	arde	Stadt
noun	artiḫi	arde+ġe	Stadtangehöriger
noun	artur	ardūri	u.B.
noun	arturi	ardūri	u.B.
noun	arul	aruli	u.B.
noun	aruli	aruli	u.B.
noun	aruwallai	aruwallāe	u.B.
noun	asal	azali	u.B.
noun	asali	azali	u.B.
noun	asallai	azallae	u.B.
noun	asall	azalli	u.B.
noun	asalli	azalli	u.B.
noun	asalt	az+al+di	u.B.
noun	ašamr	ažamri	u.B.
noun	ašamri	ažamri	u.B.
noun	ašarpašši	až+arb+a+šše	u.B.
noun	aš	aži	u.B.
noun	ašḫ	āšḫi	Fell, Haut
noun	ašḫ	āšḫi	u.B.
noun	ašḫaštaḫi	ašḫ+ašt+a+ḫḫe	u.B.
noun	ašḫaštaḫi	ašḫ+ašt+aʾe	u.B.
noun	ašḫi	āšḫi	u.B.
noun	ašḫiaši	āšḫ+i+a+šše	Opfermandant
noun	ašḫiašši	āšḫ+i+a+šše	Opfermandant
noun	ašḫitḫi	āšḫ+i+tḫe	u.B.
noun	ašḫu	ašḫo	Oberseite
noun	ašḫumai	āšḫ+ō+m+ai	opfernd
noun	ašḫumain	āšḫ+ō+m+ai+ni	opfernd
noun	ašḫumaini	āšḫ+ō+m+ai+ni	opfernd
noun	ašḫušikkuni	āšḫ+ož+i+kk+o+nni	Ritualherr(in)
noun	ašḫušikkunn	āšḫ+ož+i+kk+o+nni	Ritualherr(in)
noun	ašḫušikkunni	āšḫ+ož+i+kk+o+nni	Ritualherr(in)
noun	aši	āže	Fett
noun	ašiḫi	až+i+ġe	u.B.
noun	asir	aziri	u.B.
noun	asiri	assīri	Gefangener
noun	asiri	aziri	u.B.
noun	ašiul	ažiuli	u.B.
noun	ašiwl	ažiuli	u.B.
noun	aškulišši	ašk+ol+i+šše	u.B.
noun	ašmunikal	Ažmo.Nigalō	PN
noun	ašmunikalu	Ažmo.Nigalō	PN
noun	ašn	ažne	Gallenblase
noun	ašn	āžni	u.B.
noun	ašni	ažne	Gallenblase
noun	ašrat	āžrādi	u.B.
noun	ašr	āžri	u.B.
noun	ašri	āžri	u.B.
noun	aššan	āššani	u.B.
noun	aššani	āššani	u.B.
noun	assaruḫḫ	āss+ar+ō+ḫḫe	u.B.
noun	ašš	āšši	u.B.
noun	assir	assīri	Gefangener
noun	assiri	assīri	Gefangener
noun	aššur	āššōri	u.B.
noun	aššuri	āššōri	u.B.
noun	assusḫ	assusḫi	u.B.
noun	assusḫi	assusḫi	u.B.
noun	aštaka	aštaga	Frau
noun	aštašḫi	āšt+a+šḫe	weiblicher Attribute
noun	ašt	āšte	(Ehe)frau
noun	ašti	āšte	(Ehe)frau
noun	ašuḫ	ažōġi	u.B.
noun	ašuḫi	až+oġi	Essen
noun	ašuḫi	ažōġi	u.B.
noun	ašukal	ažugali	u.B.
noun	ašukali	ažugali	u.B.
noun	ašukall	ažugallē	u.B.
noun	ašukalli	ažugallē	u.B.
noun	asur	az+o+re	u.B.
noun	asuri	az+o+re	u.B.
noun	asusḫ	azusḫi	u.B.
noun	asusḫi	azusḫi	u.B.
noun	ata	atta	Vater?
noun	at	ade	u.B.
noun	atal	adāl	stark; der Starke
noun	atalšin	Adal.šen	DN
noun	atamḫi	ad+am+ġe	u.B.
noun	atan	ad+ā+ni	Schemel
noun	atani	ad+ā+ni	Schemel
noun	atašši	ad+a+šše	(Umwallung der) Unterstadt
noun	ataštaš	ad+ašt+a+že	u.B.
noun	atḫalpi	atḫalve	u.B.
noun	ati	ade	u.B.
noun	atirḫ	adīr+ġe	Gegner
noun	atmi	ad+mi	Schemel
noun	atta	atta+i	Vater
noun	attaiana	atta+i+ana	u.B.
noun	attaian	atta+i+ana	u.B.
noun	attai	atta+i	Vater
noun	attan	atta+ni	Vater
noun	attani	atta+ni	Vater
noun	attanunn	attā+n+o+nni	Patriarch
noun	attupati	att+o+bade	u.B.
noun	aul	aoli	u.B.
noun	auli	aoli	u.B.
noun	awp	auwi	u.B.
noun	awtaluma	Audalumma	PN
noun	awtalumma	Audalumma	PN
noun	awtuwi	Audūi	PN
noun	BADnir	BAD.niri	u.B.
noun	BADniri	BAD.niri	u.B.
noun	BADtural	pattōrali	u.B.
noun	BADtural	pedōrali	u.B.
noun	BADtural	pittōrali	u.B.
noun	DINGIR-	eni	Gottheit
noun	DUMUéGAL	DUMU.É.GAL	Palastangehöriger
noun	É-A-a	Ea	DN
noun	É-A	Ea	DN
noun	É-A-	Ea	DN
noun	É-A-ia	Aia	Ea (DN)
noun	É.EN.NU.UN-ašši	É.EN.NU.UN+a+šše	Gefängnis
noun	E-i	E	Deich; Kanal
noun	É-li	šelli	Haus
noun	EN-ri	evri	Herr
noun	ÉRIN-an	ummani	Truppe
noun	ÉRIN-ni	ummani	Truppe
noun	ÉRIN-	ummani	Truppe
noun	GAŠAN-ka	Šavoška	DN
noun	GAŠAN-k	Šavoška	DN
noun	GAŠAN-uška	Šavoška	DN
noun	GEŠTU-i	noi	Ohr
noun	GEŠTU-	noi	Ohr
noun	GE-ti	GE6.te	Nacht
noun	GE-ti	mide	u.B.
noun	GIG-ḫuli	GIG+o+ġ+o+li	Kranker
noun	GIGuḫul	GIG+o+ġ+o+li	Kranker
noun	GÍR-ri	ḫāri	Weg
noun	GIŠ.GIM.MAŠ-	Kalgamiž	Gilgamesh (PN; DN)
noun	GIŠ-	tāle	Baum; Holz
noun	GÙB-i	šapḫaldi	linke Seite; links
noun	GÙB-ti	šapḫaldi	linke Seite; links
noun	GÙB-t	šapḫaldi	linke Seite; links
noun	GÚ-	GÚ	Hals
noun	GU-ri	ped+ar+i	Rind
noun	GU.ZA-ḫi	kešḫi	Thron
noun	ḫaḫḫi	ḫaḫḫi	u.B.
noun	ḫaḫi	ḫāġi	u.B.
noun	ḫaḫman	ḫaġmani	u.B.
noun	ḫaiḫi	ḫa+i+ġe	u.B.
noun	ḫaikal	ḫāigali	Palast
noun	ḫaikali	ḫāigali	Palast
noun	ḫairn	ḫāīr+ni	u.B.
noun	ḫaiš	ḫā+i+že	u.B.
noun	ḫaiši	ḫā+i+že	u.B.
noun	ḫalanti	ḫalandi	u.B
noun	ḫalikkul	ḫalikkuli	u.B.
noun	ḫalikkuli	ḫalikkuli	u.B.
noun	ḫalki	ḫalgi	u.B.
noun	ḫalmi	ḫal+mi	Sänger
noun	ḫalpa	Ḫalba	GN
noun	ḫalpa-LÚ-i	Ḫalba.taġe	PN
noun	ḫalp	Ḫalba	GN
noun	ḫalsi	ḫalze	Distrikt
noun	ḫalsuḫl	ḫalz+ō+ġ+li	Distriktverwalter
noun	ḫalul	ḫālōli	Weintrauben
noun	ḫaluli	ḫālōli	Weintrauben
noun	ḫamar	ḫam+ar+i	u.B.
noun	ḫamari	ḫam+ar+i	u.B.
noun	ḫamasiaš	ḫamaz+i+a+šše	Unterdrücker
noun	ḫamasiaši	ḫamaz+i+a+šše	Unterdrücker
noun	ḫamasir	ḫamaz+i+re	Bedrücker?
noun	ḫamasiri	ḫamaz+i+re	Bedrücker?
noun	ḫammi	ḫammi	u.B.
noun	ḫamr	ḫamri	ein Heiligtum
noun	ḫamri	ḫamri	ein Heiligtum
noun	ḫams	ḫamzi	u.B.
noun	ḫamsi	ḫamzi	u.B.
noun	ḫamsitan	ḫamz+id+a+ni	u.B.
noun	ḫamsitani	ḫamz+id+a+ni	u.B.
noun	ḫamsitann	ḫamz+id+a+nni	u.B.
noun	ḫamsitanni	ḫamz+id+a+nni	u.B.
noun	ḫan	ḫāni	Kind; Säugling
noun	ḫan	ḫani	u.B.
noun	ḫani	ḫāni	Kind; Säugling
noun	ḫanikka	ḫāni+kka	Kind
noun	ḫanikk	ḫāni+kka	Kind
noun	ḫanir	ḫan+i+re	Geborene
noun	ḫaniri	ḫan+i+re	Geborene
noun	ḫann	ḫanni	u.B.
noun	ḫanni	ḫanni	u.B.
noun	ḫanumpasḫ	ḫan+u+mb+a+sḫe	Fruchtbarkeit
noun	ḫanumpasḫi	ḫan+u+mb+a+sḫe	Fruchtbarkeit
noun	ḫanupasḫi	ḫan+u+mb+a+sḫe	Fruchtbarkeit
noun	ḫapaḫḫupat	ḫab+aḫḫ+ō+bade	u.B.
noun	ḫapaḫḫupat	ḫav+āḫḫ+ō+bade	u.B.
noun	ḫapalki	ḫabalgi	Eisen?
noun	ḫapar	ḫav+ār+i	u.B.
noun	ḫapari	ḫav+ār+i	u.B.
noun	ḫapirn	ḫavēr+ni	Lamm
noun	ḫapirni	ḫavēr+ni	Lamm
noun	ḫapsur	ḫapsōri	Speichel
noun	ḫapsuri	ḫapsōri	Speichel
noun	ḫapurn	ḫavor+ni	Himmel
noun	ḫapurni	ḫavor+ni	Himmel
noun	ḫapurun	ḫavor+ni	Himmel
noun	ḫapuši	ḫāb+o+že	u.B.
noun	ḫapuši	ḫāv+ō+že	u.B.
noun	ḫapuši	ḫavūži	u.B.
noun	ḫaraḫi	ḫār+a+ġe	u.B.
noun	ḫarḫarai	Ḫarġarai	DN
noun	ḫarḫaraima	Ḫarġaraima	DN
noun	ḫar	ḫāre	u.B.
noun	ḫar	ḫāri	Weg
noun	ḪAR	ḪAR	u.B.
noun	ḫari	ḫāre	u.B.
noun	ḫari	ḫāri	Weg
noun	ḪARni	ḫurni	u.B.
noun	ḪARni	murni	u.B.
noun	ḪARp	ḫarbi	u.B.
noun	ḪARp	ḫurbi	u.B.
noun	ḪARp	Ḫurvi	DN
noun	ḪARp	murbi	u.B.
noun	ḫarr	ḫarri	u.B.
noun	ḪARr	ḫarri	u.B.
noun	ḪARr	ḫurri	u.B.
noun	ḪARr	murri	u.B.
noun	ḫarunun	ḫārun+o+ni	u.B.
noun	ḫarununi	ḫārun+o+ni	u.B.
noun	ḫaruwi	ḫāruwi	u.B.
noun	ḫašar	ḫāž+ar+i	Öl
noun	ḫašari	ḫāž+ar+i	Öl
noun	ḫašarinn	ḫāž+ar+e+nni	Salber?
noun	ḫašarinni	ḫāž+ar+e+nni	Salber?
noun	ḫašarr	ḫāž+arri	Öl
noun	ḫašarri	ḫāž+arri	Öl
noun	ḫašaši	ḫāž+a+že	u.B.
noun	ḫašaši	ḫažaži	u.B.
noun	ḫašašimmi	ḫāž+až+i+mmi	u.B.
noun	ḫaš	ḫāži	u.B.
noun	ḫasian	ḫaziani	Bürgermeister
noun	ḫašiann	ḫažianni	u.B.
noun	ḫašianni	ḫažianni	u.B.
noun	ḫaši	ḫāži	u.B.
noun	ḫašikkunn	ḫāž+i+kk+o+nni	Sprecher?, Schwätzer?
noun	ḫašikkunni	ḫāž+i+kk+o+nni	Sprecher?, Schwätzer?
noun	ḫašilt	ḫaž+il+di	u.B.
noun	ḫašimar	Ḫažimari	GN
noun	ḫašimari	Ḫažimari	GN
noun	ḫašimm	ḫāži+mmi	u.B.
noun	ḫašimmii	ḫāži+mmē	u.B.
noun	ḫašipata	ḫāž+i+bade	u.B.
noun	ḫašipat	ḫāž+i+bade	u.B.
noun	ḫašir	ḫāžeri	Dolch
noun	ḫašir	ḫaž+i+re	u.B.
noun	ḫaširi	ḫāžeri	Dolch
noun	ḫaširi	ḫaž+i+re	u.B.
noun	ḫasis	ḫassizi	Verstand
noun	ḫaššiati	ḫaššiadi	Bogen?
noun	ḫaššiati	ḫaššiadi	u.B.
noun	ḫassi	Ḫassī	GN
noun	ḫašši	ḫašši	u.B.
noun	ḫassis	ḫassizi	Verstand
noun	ḫassisi	ḫassizi	Verstand
noun	ḫaštal	ḫašt+al+i	u.B.
noun	ḫaštali	ḫašt+al+i	u.B.
noun	ḫaštall	ḫaštalli	u.B.
noun	ḫaštalli	ḫaštalli	u.B.
noun	ḫaštu(-)ti	ḫaštōde	u.B.
noun	ḫaštu(-)tipi	tive	Wort; Sache
noun	ḫašuši	ḫāž+o+že	u.B.
noun	ḫatimi	ḫademi	u.B.
noun	ḫatnun	ḫadn+ō+ni	u.B.
noun	ḫatnuni	ḫadn+ō+ni	u.B.
noun	ḫaurni	ḫavor+ni	Himmel
noun	ḫawsuḫ	ḫauz+o+ġe	u.B.
noun	ḫiar	ḫi+ar+i	Gold
noun	ḫiar	ḫiari	u.B.
noun	ḫiari	ḫiari	u.B.
noun	ḫiaruḫḫ	ḫi+ar+o+ḫḫe	Gold; Goldenes; golden
noun	ḫiaruḫḫi	ḫi+ar+o+ḫḫe	Gold; Goldenes; golden
noun	ḫiḫuši	ḫēġ+ō+že	u.B.
noun	ḫiiaruḫḫi	ḫi+ar+o+ḫḫe	Gold; Goldenes; golden
noun	ḫil	ḫeli	Ruhm
noun	ḫil	ḫili	u.B.
noun	ḫiliḫi	ḫil+i+ġe	u.B.
noun	ḫilišt	ḫīlēšti	u.B.
noun	ḫillaḫḫur	ḫell+aḫḫ+ō+re	u.B.
noun	ḫillaḫḫuri	ḫell+aḫḫ+ō+re	u.B.
noun	ḫillami	ḫillame	u.B.
noun	ḫillatimpamašši	ḫill+ad+i+mb+a+m+ā+šše	u.B.
noun	ḫillikkunn	ḫill+i+kk+o+nni	Schwätzer?
noun	ḫillikkunni	ḫill+i+kk+o+nni	Schwätzer?
noun	ḫillimpamašši	ḫill+i+mb+a+m+ā+šše	u.B.
noun	ḫiltar	ḫild+ār+i	u.B.
noun	ḫilt	ḫilde	u.B.
noun	ḫilti	ḫelde	u.B.
noun	ḫilti	ḫilde	u.B.
noun	ḫilup	ḫelōvi	Ruhm
noun	ḫimsiḫi	ḫimz+i+ġe	u.B.
noun	ḫins	ḫenzi	Schuld?
noun	ḫins	ḫinz	u.B.
noun	ḫinsukar	ḫinz+ugar+i	u.B.
noun	ḫinsur	ḫinzori	Apfel
noun	ḫinsuri	ḫinzori	Apfel
noun	ḫiparan	ḫeb+ara+ni	u.B.
noun	ḫiparan	ḫebara+ni	u.B.
noun	ḫiparani	ḫeb+ara+ni	u.B.
noun	ḫiparani	ḫebara+ni	u.B.
noun	ḫipar	ḫeb+ar+i	u.B.
noun	ḫipari	ḫeb+ar+i	u.B.
noun	ḫiparn	ḫibar+ni	u.B.
noun	ḫiparni	ḫibar+ni	u.B.
noun	ḫiparul	ḫebāroli	u.B.
noun	ḫiparuli	ḫebāroli	u.B.
noun	ḫipat	Ḫebad	DN
noun	ḫipatu	Ḫēbādu	DN
noun	ḫip	ḫib	u.B.
noun	ḫipratann	ḫibr+ad+a+nni	Gefolge?
noun	ḫipratanni	ḫibr+ad+a+nni	Gefolge?
noun	ḫipratun	ḫibr+ad+ō+ni	u.B.
noun	ḫipullat	ḫiv+oll+āde	u.B.
noun	ḫiraḫ	ḫiraġe	u.B.
noun	ḫiraḫi	ḫeraġi	Oberarm
noun	ḫirar	ḫer+ār+i	Oberarm?
noun	ḫirari	ḫer+ār+i	Oberarm?
noun	ḫir	ḫeri	u.B.
noun	ḫir	ḫiri	u.B.
noun	ḫir	ḫīri	Zeit
noun	ḫiri	ḫeri	u.B.
noun	ḫiri	ḫiri	u.B.
noun	ḫirin	ḫiri+ni	u.B.
noun	ḫirini	ḫiri+ni	u.B.
noun	ḫiripati	ḫirb+adi	Gebundener?; Angepflockter?
noun	ḫiripati	ḫir+i+bade	u.B.
noun	ḫiriti	ḫir+īdi	Graben?
noun	ḫišal	ḫežāli	nackt, Nackter
noun	ḫišall	ḫižalli	Kollege
noun	ḫišalli	ḫižalli	Kollege
noun	ḫišar	ḫīž+ār+i	u.B.
noun	ḫišari	ḫīž+ār+i	u.B.
noun	ḫišartuḫul	ḫiž+ar+d+o+ġ+o+li	u.B.
noun	ḫišartuḫuli	ḫiž+ar+d+o+ġ+o+li	u.B.
noun	ḫiši	ḫēži	u.B.
noun	ḫišman	ḫežm+a+ni	glänzend?
noun	ḫišmani	ḫežm+a+ni	glänzend?
noun	ḫišmaši	ḫižm+a+že	Glanz?
noun	ḫišm	ḫižmi	Glanz, glänzend
noun	ḫišmi	ḫižmi	Glanz, glänzend
noun	ḫiššul	ḫeššūli	u.B.
noun	ḫitam	Ḫīdam	Hedammu (DN)
noun	ḫiti	ḫide	u.B.
noun	ḫitur	ḫīdūri	u.B.
noun	ḫituri	ḫīdūri	u.B.
noun	ḫuiḫ	ḫō+i+ġe	Ruf?; das Rufen?
noun	ḫui	ḫowe	u.B.
noun	ḫuin	ḫowe+ni	u.B.
noun	ḫuini	ḫowe+ni	u.B.
noun	ḫuini(-)ipa(-)n	evani	u.B.
noun	ḫuini(-)ipa(-)nippi	ḫowe+ni	u.B.
noun	ḫuini(-)ipa(-)nippi	nippi	u.B.
noun	ḫuipaḫ	ḫuibāġe	u.B.
noun	ḫuišš	ḫo+i+šše	Ruf; Aufruf
noun	ḫuišši	ḫo+i+šše	Ruf; Aufruf
noun	ḫuitḫ	ḫō+ī+tḫe	u.B.
noun	ḫuiti	ḫō+idi	u.B.
noun	ḫulammi	ḫōlā+mmi	u.B.
noun	ḫulils	ḫōlel+zi	u.B.
noun	ḫulilsi	ḫōlel+zi	u.B.
noun	ḫull	ḫōlli	u.B.
noun	ḫullur	ḫull+o+re	u.B.
noun	ḫulluri	ḫull+o+re	u.B.
noun	ḫumar	ḫōmari	Lapislazuli
noun	ḫumar	ḫōmari	u.B.
noun	ḫumari	ḫōmari	Lapislazuli
noun	ḫumari	ḫōmari	u.B.
noun	ḫumarri	ḫōmari	Lapislazuli
noun	ḫummati	ḫōmm+ade	u.B.
noun	ḫummatikkunn	ḫōmm+ad+i+kk+o+nni	u.B.
noun	ḫummatikkunni	ḫōmm+ad+i+kk+o+nni	u.B.
noun	ḫumm	ḫōmmi	u.B.
noun	ḫummi	ḫōmmi	u.B.
noun	ḫummikkunn	ḫōmm+i+kk+o+nni	u.B.
noun	ḫummikkunni	ḫōmm+i+kk+o+nni	u.B.
noun	ḫumn	ḫōmni	Asche; Staub
noun	ḫumni	ḫōmni	Asche; Staub
noun	ḫumparši	ḫomb+ar+ži	u.B.
noun	ḫuni	ḫōuni	u.B.
noun	ḫunši	ḫōnži	u.B.
noun	ḫupi	ḫōbi	u.B.
noun	ḫupiti	ḫōb+idi	Stierkalb
noun	ḫupitut	ḫōbidōdi	u.B.
noun	ḫupn	ḫubni	u.B.
noun	ḫuppatals	ḫōpp+ad+al+zi	u.B.
noun	ḫuppatalsi	ḫōpp+ad+al+zi	u.B.
noun	ḫupr	ḫōbri	u.B.
noun	ḫupri	ḫōbri	u.B.
noun	ḫupši	ḫōpši	u.B.
noun	ḫupši	ḫupši	u.B.
noun	ḫupti	ḫōpte	u.B.
noun	ḫupur	ḫuburi	u.B.
noun	ḫupuri	ḫuburi	u.B.
noun	ḫura	ḫōra	Schoß
noun	ḫurami	ḫōrāmi	u.B.
noun	ḫurat	ḫōrade	ḫurade-Soldat
noun	ḫur	ḫōra	Schoß
noun	ḫur	ḫōri	Schoß
noun	ḫur	ḫōri	u.B.
noun	ḫuri	ḫōri	Schoß
noun	ḫuri	ḫōri	u.B.
noun	ḫurmar	ḫōrm+ar+i	u.B.
noun	ḫurmari	ḫōrm+ar+i	u.B.
noun	ḫurn	ḫurni	u.B.
noun	ḫurpati	ḫōr+o+vāde	u.B.
noun	ḫurpi	ḫōrvi	u.B.
noun	ḫurr	ḫurri	u.B.
noun	ḪUR.SAG-an	paba+ni	Berg
noun	ḪUR.SAG-ni	paba+ni	Berg
noun	ḪUR.SAG-	paba+ni	Berg
noun	ḫurt	ḫurdi	u.B.
noun	ḫurti	ḫōrdi	Fenster?
noun	ḫuruppi	ḫūruffe	Rhyton
noun	ḫurušši	ḫur+o+šše	u.B.
noun	ḫuruwat	ḫōr+o+vāde	u.B.
noun	ḫuš	ḫūži	u.B.
noun	ḫušitui	ḫužiduwi	u.B.
noun	ḫušši	ḫōšši	u.B.
noun	ḫušti	ḫōšti	ein Stein
noun	ḫušti	ḫōšti	u.B.
noun	ḫušti	ḫušte	u.B.
noun	ḫušun	ḫōžuni	u.B.
noun	ḫušuni	ḫōžuni	u.B.
noun	ḫušur	ḫōžuri	u.B.
noun	ḫušuri	ḫōžuri	u.B.
noun	ḫutan	ḫōd+a+nni	Gebet
noun	ḫutanki	ḫōd+ang+i	Gebet?
noun	ḫutannaraš	ḫōd+a+nn+ar+a+že	u.B.
noun	ḫutann	ḫōd+a+nni	Gebet
noun	ḫutanni	ḫōd+a+nni	Gebet
noun	ḫutašš	ḫōd+a+šše	u.B.
noun	ḫutḫ	ḫutḫi	Preisung
noun	ḫutḫi	ḫutḫi	Preisung
noun	ḫuti	Ḫōde	DN
noun	ḫuti	ḫōde	u.B.
noun	ḫutillur	Ḫōdellori	DN
noun	ḫutilluri	Ḫōdellori	DN
noun	ḫutir	ḫōd+ī+re	u.B.
noun	ḫutiri	ḫōd+ī+re	u.B.
noun	ḫutirna	ḫōder+na	u.B.
noun	ḫutirn	ḫōder+na	u.B.
noun	ḫutirn	ḫōder+ni	u.B.
noun	ḫutirni	ḫōder+ni	u.B.
noun	ḫutr	ḫōdri	u.B.
noun	ḫutuši	ḫud+ō+že	u.B.
noun	ḫutušš	ḫōd+o+šše	u.B.
noun	ḫuun	ḫōuni	u.B.
noun	ḫuwapai	Ḫuwava+i	DN
noun	ḫuwi	ḫowe	u.B.
noun	ḫuwi(-)kauti	ḫūigaudi	u.B.
noun	ḫuwi(-)kauti	kaudi	u.B.
noun	ḫuwin	ḫowe+ni	u.B.
noun	ḫuwini	ḫowe+ni	u.B.
noun	ia	Ea	DN
noun	ian	īani	u.B.
noun	iari	ēyari	Löwe
noun	iarši	ēyar+že	Löwenhaftigkeit
noun	iašarr	Ea.šarri	DN
noun	iašarri	Ea.šarri	DN
noun	ÍD-ia	šiye	Wasser; Fluss
noun	ÍD-i	šiye	Wasser; Fluss
noun	ÍD-	šiye	Wasser; Fluss
noun	IGI-	šī	Auge
noun	iḫar	eġari	u.B.
noun	iḫari	eġari	u.B.
noun	iḫar	iġari	u.B.
noun	iḫari	iġari	u.B.
noun	iḫḫ	ēḫḫi	u.B.
noun	iḫḫi	ēḫḫi	u.B.
noun	iḫi	eġi	u.B.
noun	iḫill	iġelli	u.B.
noun	iḫilli	iġelli	u.B.
noun	iḫl	eġli	Rettung
noun	iḫliana	eġli+ana	Retter?
noun	iḫlian	eġli+ana	Retter?
noun	iḫli	eġli	Rettung
noun	iḫliḫi	eġl+i+ġe	u.B.
noun	iḫlipati	eġl+i+bade	u.B.
noun	i	ie	u.B.
noun	iin	eni	Gottheit
noun	iin	ieni	u.B.
noun	iini	ieni	u.B.
noun	ikarunn	eg+ar+o+nni	u.B.
noun	ik	egi	Inneres; Mitte; innere
noun	ik	egi	u.B.
noun	iki	egi	Inneres; Mitte; innere
noun	iki	egi	u.B.
noun	iki	igi	u.B.
noun	ikin	egi	Inneres; Mitte; innere
noun	ikinkališ	Igingališ	GN
noun	ikinn	ege+nni	Inneres, innere
noun	ikinni	ege+nni	Inneres, innere
noun	ikir	egiri	u.B.
noun	ikiri	egiri	u.B.
noun	ikkammašši	ikk+amm+a+šše	u.B.
noun	ikki	egi	Inneres; Mitte; innere
noun	ikki	ēkke	u.B.
noun	ikušr	egužri	u.B.
noun	ikušri	egužri	u.B.
noun	ikušš	eg+o+šše	Reinheit, rein
noun	ikušši	eg+o+šše	Reinheit, rein
noun	ikututki	eg+ud+ut+ki	Unreinheit; Verunreinigung
noun	ila	ela	Schwester
noun	ilami	Elami	GN
noun	ilamiḫurra	Ilamiġorra	PN
noun	ilamiḫurr	Ilamiġorra	PN
noun	ilamirḫi	elm+ir+ġe	Eidgemäßer(?)
noun	ilamtuḫi	Ilamd+ō+ġe	GN
noun	ilapa	Ilāvā	GN
noun	ilap	elabi	u.B.
noun	ilap	Ilāvā	GN
noun	il	ela	Schwester
noun	il	ele	u.B.
noun	il	eli	Fest
noun	ili	ele	u.B.
noun	ili	eli	Fest
noun	il	ili	u.B.
noun	ilišk	eliški	u.B.
noun	ilišk	ileški	u.B.
noun	iliti	el+idi	u.B.
noun	ilk	ēlgi	Applikation
noun	ilki	ēlgi	Applikation
noun	illaia	Illaia	GN
noun	illaš	ell+a+že	u.B.
noun	illuḫullašši	elluġ+ull+a+šše	u.B.
noun	illul	īll+uli	u.B.
noun	ilm	elmi	Eid; Schwur
noun	ilmi	elmi	Eid; Schwur
noun	ilmiḫi	elm+ē+ġe	u.B.
noun	ilmirḫi	elm+ir+ġe	Eidgemäßer(?)
noun	ilullan	ilōllani	u.B.
noun	ilurul	elōruli	u.B.
noun	immanti	immande	u.B.
noun	immari	immari	u.B.
noun	immar	immari	u.B.
noun	immarpaḫi	Immarvaġe	DN
noun	immart	immarde	Schafopfer
noun	immašku	Immašku	PN
noun	IM.MEŠ	IM.MEŠ	Winde
noun	impi	imbi	u.B.
noun	IM-ši	IM+še	Wind
noun	IMši	IM+še	Wind
noun	inaraš	en+ar+a+že	u.B.
noun	inarḫ	en+ar+ġe	u.B.
noun	inati	enādi	u.B.
noun	in	eni	Gottheit
noun	inḫar	inġ+ar+i	u.B.
noun	inḫ	ēnġi	u.B.
noun	inḫ	inġi	u.B.
noun	ini	eni	Gottheit
noun	ini	ini	u.B.
noun	inikalti	ennigaldi	u.B.
noun	in	ini	u.B.
noun	ininkalt	ennigaldi	u.B.
noun	initḫar	en+i+tḫ+ar+i	u.B.
noun	initḫari	en+i+tḫ+ar+i	u.B.
noun	initḫari	in+i+tḫ+ar+i	u.B.
noun	initḫar	in+i+tḫ+ar+i	u.B.
noun	inn	enni	u.B.
noun	inni	enni	u.B.
noun	innikalti	ennigaldi	u.B.
noun	innuni	inn+ō+ni	u.B.
noun	innun	inn+ō+ni	u.B.
noun	insar	en+zari	Götterschaft
noun	insari	en+zari	Götterschaft
noun	intani	ind+a+ni	u.B.
noun	intan	ind+a+ni	u.B.
noun	intanni	ind+a+nni	u.B.
noun	intann	ind+a+nni	u.B.
noun	inumansi	enum+a+n+ze	u.B.
noun	inumašši	enum+a+šše	u.B.
noun	inutupi	en+ud+ōbi	u.B.
noun	ipan	evani	u.B.
noun	ipani	evani	u.B.
noun	iparati	evar+adi	u.B.
noun	ipar	evari	u.B.
noun	ipari	evari	u.B.
noun	iparni	ever+ni	König
noun	iparši	ev+ar+že	u.B.
noun	ip	ebi	u.B.
noun	ipḫi	ēpḫe	Ofen
noun	ip	ibi	u.B.
noun	ipi	ibi	u.B.
noun	ipi	ivi	u.B.
noun	ipirinši	evr+in+že	Herrschaft
noun	ipirnakka	ever+n+akka	König
noun	ipirn	ever+ni	König
noun	ipirni	ever+ni	König
noun	ip	ivi	u.B.
noun	ipla	Ēbla	GN
noun	ipl	Ēbla	GN
noun	ippir	ēpp+i+re	u.B.
noun	ippiri	ēpp+i+re	u.B.
noun	iprati	ibradi	u.B.
noun	ipratnan	ibr+ad+n+a+ni	u.B.
noun	ipratnann	ibr+ad+n+a+nni	u.B.
noun	ipratn	ibr+ad+ni	u.B.
noun	ipr	evri	Herr
noun	ipri	evri	Herr
noun	iprin	ever+ni	König
noun	iprins	evren+ze	u.B.
noun	iprišḫi	ēbr+e+šḫi	u.B.
noun	iprišši	evr+in+že	Herrschaft
noun	iprui	ēbruwē	u.B.
noun	ipšati	īpšade	u.B.
noun	irana	er+āna	Abgabe
noun	iran	er+āna	Abgabe
noun	iran	er+āni	Abgabe
noun	irat	erade	Vogel
noun	irati	erade	Vogel
noun	irḫari	irġāri	u.B.
noun	irḫar	irġāri	u.B.
noun	irḫi	erġi	u.B.
noun	irialsi	irial+zi	u.B.
noun	irišank	erižangi	u.B.
noun	irn	ērni	u.B.
noun	irni	ērni	u.B.
noun	irpi	ervi	Hund
noun	irpir	ērbiri	u.B.
noun	irpiri	ērbiri	u.B.
noun	irš	irži	u.B.
noun	irti	irde	Zunge
noun	irt	irde	Zunge
noun	irtupanni	irdōv+ā+nni	u.B.
noun	irtupann	irdōv+ā+nni	u.B.
noun	iša	iža	(Land) jenseits
noun	išammi	iža+mme	u.B.
noun	išari	iž+ar+i	u.B.
noun	išar	iž+ar+i	u.B.
noun	iš	eže	Erde
noun	išḫara	Išḫara	DN
noun	išḫar	Išḫara	DN
noun	išḫi	ēšḫi	u.B.
noun	išḫuni	išḫoni	Silber
noun	išḫun	išḫoni	Silber
noun	iši	eže	Erde
noun	iši	iže	Regen
noun	iši	iži	Regen?
noun	iši	iži	u.B.
noun	išikkunn	iž+ikk+o+nni	Jammernder; Klagender
noun	išipapu	Ežeb.Ābu	PN
noun	išiš	ežeži	u.B.
noun	iš	iža	(Land) jenseits
noun	iš	iži	u.B.
noun	iškapi	eškāve	u.B.
noun	iškar	ešk+ar+i	u.B.
noun	iškari	ešk+ar+i	u.B.
noun	iški	iški	u.B.
noun	iškin	iški+ni	u.B.
noun	išk	iški	u.B.
noun	IŠKUR-p	Teššob	DN
noun	IŠKUR	Teššob	DN
noun	IŠKUR-	Teššob	DN
noun	IŠKUR-up	Teššob	DN
noun	išpiat	išpiadi	Zinnen?
noun	iššai	eššae	u.B.
noun	ištani	ištani	Inneres
noun	ištan	ištani	Inneres
noun	IŠTAR-a	Šavoška	DN
noun	IŠTAR-ka	Šavoška	DN
noun	IŠTAR-k	Šavoška	DN
noun	IŠTAR	Šavoška	DN
noun	IŠTAR-	Šavoška	DN
noun	ištini	išteni	u.B.
noun	ištin	išteni	u.B.
noun	ištinn	ištenni	u.B.
noun	ištum	ištumi	u.B.
noun	išuḫni	ižuġ+ni	Silber
noun	išuḫn	ižuġ+ni	Silber
noun	isusi	izuzi	Emmer
noun	isus	izuzi	Emmer
noun	itḫi	itḫi	u.B.
noun	it	idi	Körper; Bezug
noun	it	idi	u.B.
noun	it	iedi	u.B.
noun	itiḫl	edeġli	Prinz?
noun	itiḫli	edeġli	Prinz?
noun	iti	idi	Körper; Bezug
noun	iti	idi	u.B.
noun	itinna	idenna	Baumeister
noun	itinn	idenna	Baumeister
noun	itinn	idenni	Baumeister
noun	itinni	idenni	Baumeister
noun	itkalsi	itkal+zi	Reinheit, Reinigung
noun	itkals	itkal+zi	Reinheit, Reinigung
noun	itkansa	itkan+zi	u.B.
noun	itkans	itkan+zi	u.B.
noun	itkulimašši	itk+ul+i+m+a+šše	u.B.
noun	itkulumašši	itk+ul+i+m+a+šše	u.B.
noun	itkututki	itk+ud+ut+ki	Unreinheit
noun	itn	id+ni	Körper
noun	itni	id+ni	Körper
noun	ittupi	ittūbi	u.B.
noun	ituḫ	id+ō+ġe	u.B.
noun	iyar	ēyari	Löwe
noun	iyari	ēyari	Löwe
noun	IZ-BU-ni	IZBU.ni	Missgeburt
noun	IZBUni	IZBU.ni	Missgeburt
noun	IZBUn	IZBU.ni	Missgeburt
noun	kaḫan	kaġ+a+ni	u.B.
noun	kaiḫi	ka+i+ġe	u.B.
noun	kaiḫ	ka+i+ġe	u.B.
noun	kakani	kaġ+a+ni	u.B.
noun	kakan	kag+a+ni	u.B.
noun	kakan	kaġ+a+ni	u.B.
noun	kakkari	kakkari	ein Brot
noun	kakkar	kakkari	ein Brot
noun	kalapiš	kalab+i+že	u.B.
noun	kalapiški	kalab+i+ški	u.B.
noun	kali	kāli	u.B.
noun	kal	kāli	u.B.
noun	kal	kal	u.B.
noun	kalkamiš	Kalgamiž	Gilgamesh (PN; DN)
noun	kalmuri	kalmuri	u.B.
noun	kalmur	kalmuri	u.B.
noun	kalsi	kalzi	u.B.
noun	kals	kalzi	u.B.
noun	kamali	kamali	u.B.
noun	kamal	kamali	u.B.
noun	kamask	kammaski	u.B.
noun	kami	kamme	ein Tier
noun	kammaḫḫi	kamm+a+ḫḫe	u.B.
noun	kammanḫ	kamm+an+ġe	u.B.
noun	kammask	kammaski	u.B.
noun	kammi	kamme	ein Tier
noun	kammiššuri	kammiššōri	Birne?
noun	kammiššur	kammiššōri	Birne?
noun	kampi	kamve	u.B.
noun	kanakitḫi	kanagitḫe	u.B.
noun	kani	kāni	u.B.
noun	kankalp	kangalvi	u.B.
noun	kan	kāni	u.B.
noun	kansušti	kanzušti	u.B.
noun	kapari	kābari	u.B.
noun	kapar	kābari	u.B.
noun	kap	kāvi	u.B.
noun	kapli	kabli	Kupfer
noun	kapl	kabli	Kupfer
noun	kapl	kabli	u.B.
noun	kapšalla	Kapšalla	GN
noun	kapšall	Kapšalla	GN
noun	kapši	kapši	u.B.
noun	kapš	kapši	u.B.
noun	kapšuḫ	kapš+o+ġe	u.B.
noun	karapti	karapte	u.B.
noun	kari	kare	Vogelfänger
noun	kari	kāri	u.B.
noun	kariš	kariži	u.B.
noun	karkani	karg+ā+ni	u.B.
noun	karkan	karg+ā+ni	u.B.
noun	kar	kare	Vogelfänger
noun	kar	kāri	u.B.
noun	karkarni	kargar+ni	Panzer
noun	karkarn	kargar+ni	Panzer
noun	kark	karg	u.B.
noun	karši	karži	Lippen
noun	karš	karži	Lippen
noun	KA-š	fāži	Mund
noun	kašiari	Kažiari	GN
noun	kašiar	Kažiari	GN
noun	KA-ši	fāži	Mund
noun	kasi	kāze	Becher
noun	kaši	kāze	Becher
noun	kašitapi	kažidabi	u.B.
noun	kaška	Kaška	GN
noun	KASKAL-r	ḫāri	Weg
noun	KASKAL-ri	ḫāri	Weg
noun	kas	kāze	Becher
noun	kaš	kāze	Becher
noun	kas	kāzi	u.B.
noun	kaš	kāži	u.B.
noun	kašk	Kaška	GN
noun	kašli	kažli	stark, Stärke
noun	kašl	kažli	stark, Stärke
noun	kaššap	kaššabi	Tor
noun	kaššap	kaššappi	Tor
noun	kaššapp	kaššappi	Tor
noun	kassi	kāze	Becher
noun	kassuri	kass+o+re	u.B.
noun	kassur	kass+o+re	u.B.
noun	kašti	kašti	Bogen
noun	katal	kād+ali	u.B.
noun	kati	kāde	Gerste?
noun	kati	kadi	u.B.
noun	katikkunni	kad+i+kk+o+nni	Sprecher?; Denunziant?
noun	katikkunn	kad+i+kk+o+nni	Sprecher?; Denunziant?
noun	katimmašš	kād+imm+a+šše	u.B.
noun	katir	kaderi	u.B.
noun	katital	kaderi	u.B.
noun	katki	kat+ki	Spruch
noun	katk	kat+ki	Spruch
noun	katt	katti	u.B.
noun	katukarni	kad+ugar+ni	Zwist
noun	katukarn	kad+ugar+ni	Zwist
noun	kiaši	kiaže	Meer
noun	KI.GUB-ḫi	šindaġe	ein Leberteil
noun	kiḫi	kiġe	u.B.
noun	kiḫi	kiḫḫe	u.B.
noun	kiḫi	kiʾe	u.B.
noun	kikkuni	kikk+o+ni	u.B.
noun	kikkun	kikk+o+ni	u.B.
noun	kiklipatalli	Kiglibadalli	PN
noun	kiklipatall	Kiglibadalli	PN
noun	kilani	kilāne	u.B.
noun	kilaniš	kil+ān+i+že	u.B.
noun	kilan	kilāne	u.B.
noun	kilaš	kēl+ā+že	u.B.
noun	kilḫi	kelġi	u.B.
noun	kilḫiti	kēlġēdi	u.B.
noun	kili	kili	u.B.
noun	kil	kili	u.B.
noun	kilta(-)arti	arde	Stadt
noun	kilta(-)arti	keld+ardi	u.B.
noun	kilti	kel+di	Wohl
noun	kilt	kel+di	Wohl
noun	kiltuwi	kelduwi	u.B.
noun	kiltuw	kelduwi	u.B.
noun	kiluliš	kēl+ol+i+že	u.B.
noun	kimi	kēmi	Fundament?
noun	kin	keni	u.B.
noun	kin	kini	u.B.
noun	kinnari	kinn+ār+i	u.B.
noun	kinnar	kēnn+ār+i	u.B.
noun	kinnar	kinn+ār+i	u.B.
noun	kinnat	kēnnādi	u.B.
noun	kinnat	kēnn+ār+i	u.B.
noun	kinn	kenni	u.B.
noun	kipašši	kev+a+šše	u.B.
noun	kipi	kēbi	u.B.
noun	kipi	kevi	u.B.
noun	kipi	kibi	u.B.
noun	kipi	kippe	u.B.
noun	kip	kēbi	u.B.
noun	kip	kevi	u.B.
noun	kip	kibi	u.B.
noun	kipli	keb+li	Jäger
noun	kipl	keb+li	Jäger
noun	kippai	kippae	u.B.
noun	kippi	kippe	u.B.
noun	kippi	kippi	Macht?
noun	kipri	kevri	Ältester
noun	kiprita	kibridi	Sulfur?
noun	kipriti	kibridi	Sulfur?
noun	kiprit	kibridi	Sulfur?
noun	kipr	kevri	Ältester
noun	kipurḫi	kiv+ōr+ġē	u.B.
noun	kipuri	kev+o+re	u.B.
noun	kipuri	kiburi	u.B.
noun	kipur	kev+o+re	u.B.
noun	kipur	kiburi	u.B.
noun	kipuš	kev+o+že	u.B.
noun	kirari	kēr+ar+i	u.B.
noun	kirarini	kir+ari+ni	u.B.
noun	kirarin	kēr+ari+ni	u.B.
noun	kirarin	kir+ari+ni	u.B.
noun	kirarinni	kir+ar+i+nni	u.B.
noun	kirarinn	kir+ar+i+nni	u.B.
noun	kirar	kēr+ar+i	u.B.
noun	kirarni	kir+ari+ni	u.B.
noun	kirarn	kir+ari+ni	u.B.
noun	kirḫi	kirġe	(Umwallung der) Oberstadt
noun	kiri	kērē	u.B.
noun	kiri	kēri	u.B.
noun	kiri	kire	u.B.
noun	kirinsi	kire+n+ze	Freilassung
noun	kirins	kire+n+ze	Freilassung
noun	kir	kērē	u.B.
noun	kir	kēri	u.B.
noun	kir	kire	u.B.
noun	kir	kiri	u.B.
noun	kiruḫi	kir+o+ġē	u.B.
noun	kišarši	kiž+ar+že	u.B.
noun	kišḫi	kešḫi	Thron
noun	kišḫ	kešḫi	Thron
noun	kišipsupai	kižipsōvae	u.B.
noun	kišipsup	kižipsōvae	u.B.
noun	kisiri	kīziri	u.B.
noun	kisir	kīziri	u.B.
noun	kisirši	kīzir+že	u.B.
noun	kiškišiašši	kiš+kiž+i+a+šše	u.B.
noun	kiškišiaššini	kiš+kiž+i+a+šše+ni	u.B.
noun	kiškišiaššin	kiš+kiž+i+a+šše+ni	u.B.
noun	kiškuppi	kīšk+ūpp+ē	u.B.
noun	kišši	Kešše	PN
noun	kišši(-)tamašši	kišši	u.B.
noun	kišši(-)tamašši	tam+a+šše	u.B.
noun	kitap	kīdāvi	ein Gewand
noun	kitatuši	kēd+ad+o+že	u.B.
noun	kit	kēdi	u.B.
noun	kulamsuri	kōl+am+z+uri	u.B.
noun	kulamsur	kōl+am+z+uri	u.B.
noun	kulamurn	kulamur+ni	u.B.
noun	kulamurri	kul+am+ō+rre	u.B.
noun	kulamurr	kul+am+ō+rre	u.B.
noun	kulamututki	kul+am+ud+ut+ki	Verleumdung
noun	kulamututk	kul+am+ud+ut+ki	Verleumdung
noun	kulia alli	kūlialli	Sprecher?
noun	kuliall	kūlialli	Sprecher?
noun	kuliḫ	kul+i+ġe	Ausspruch?; das Sprechen?
noun	kuli	kuli	u.B.
noun	kulimašši	kul+i+m+ā+šše	u.B.
noun	kulimmaššuḫḫ	kul+i+mm+ā+šš+ō+ḫḫe	u.B.
noun	kuliri	kōl+i+re	u.B.
noun	kulir	kōl+i+re	u.B.
noun	kul	kuli	u.B.
noun	kulmi(-)ḫuštal	kulmi	u.B.
noun	kulmi(-)ḫušt	ḫušte	u.B.
noun	kulm	kōlmi	u.B.
noun	kulmuri	kulm+o+re	u.B.
noun	kulmur	kulm+o+re	u.B.
noun	kulpi	kulve	u.B.
noun	kulsi	kulzi	u.B.
noun	kuls	kulzi	u.B.
noun	kultupi	kuldubi	u.B.
noun	kulumpi	kulumbi	u.B.
noun	kulump	kulumbi	u.B.
noun	kumAḪši	kumaḫši	u.B.
noun	kumAḪši	kumeḫši	u.B.
noun	kumarpi	Kumarbi	DN
noun	kummi	Kumme	GN
noun	kummini	Kumme+ne	GN
noun	kummin	Kumme+ne	GN
noun	kumri	kumri	ein Priester
noun	kumr	kumri	ein Priester
noun	kumruḫḫ	kumr+o+ḫḫe	u.B.
noun	kumti	kūm+de	Turm
noun	kumuri	kūmuri	u.B.
noun	kumur	kōmuri	u.B.
noun	kumur	kūmuri	u.B.
noun	kuni	kune	u.B.
noun	kunkalli	kungallē	Fettschwanzschaf
noun	kunkall	kungallē	Fettschwanzschaf
noun	kun	kune	u.B.
noun	kunsiḫ	kunz+i+ġe	Verbeugung?; das Verbeugen?
noun	kunsi	kunzi	Palast
noun	kuntari	kundari	u.B.
noun	kuntar	kundari	u.B.
noun	kunti	kunde	u.B.
noun	kuntini	kundi+ni	u.B.
noun	kuntin	kundi+ni	u.B.
noun	kunt	kunde	u.B.
noun	kunturi	kund+ō+re	u.B.
noun	kuntur	kund+ō+re	u.B.
noun	kupaḫi	kubāġi	eine Kopfbedeckung
noun	kupaḫ	kubaġi	u.B.
noun	kupapa	Kubaba	DN
noun	kuppann	kōpp+a+nni	u.B.
noun	kuraḫḫi	kur+aḫḫ+i	Servierer
noun	kuraḫḫ	kur+aḫḫ+i	Servierer
noun	kurann	kur+a+nni	u.B.
noun	KÚR-i	torove	Feind
noun	kurkurpi	kurgōrvi	u.B.
noun	KÚR-ni(-)ima	torvonni	Feind
noun	KUR-ni	omini	Land
noun	KUR-n	omini	Land
noun	KUR-	omini	Land
noun	KÚR-	torove	Feind
noun	kuruppi	kōruppi	u.B.
noun	kurupp	kuruppi	u.B.
noun	kušaḫ	Kužaġ	DN
noun	kušš	kušši	u.B.
noun	kusuḫi	kuz+o+ġe	u.B.
noun	kušuḫ	Kužuġ	DN
noun	kusui	kōzuwi	u.B.
noun	kušuškuši	kuž+u+šk+o+že	u.B.
noun	kutati	kūdade	u.B.
noun	kutkut	kut+kūdi	u.B.
noun	kutti	kutte	u.B.
noun	kuttipi	kuttive	u.B.
noun	kuttipin	kuttive+ni	u.B.
noun	kuttipin	kuttive	u.B.
noun	kutt	kutte	u.B.
noun	kutuni	kudoni	Nacken?
noun	kutun	kudoni	Nacken?
noun	kuturi	kud+o+re	das Gefallene?
noun	kuturi	kuduri	u.B.
noun	kutur	kud+o+re	das Gefallene?
noun	kutur	kuduri	u.B.
noun	kuturri	kud+o+re	das Gefallene?
noun	laḫlaḫḫi	Laġlaḫḫi	GN
noun	lallari	lallari	Klagepriester
noun	lallar	lallari	Klagepriester
noun	laplaḫḫi	labla+ḫḫe	Zeder
noun	lassi	lassi	u.B.
noun	lili	leli	u.B.
noun	lil	leli	u.B.
noun	LUGAL-a	ever+n+akka	König
noun	LUGAL.GI.EN	LUGAL.GI.EN	PN
noun	LUGAL.GI.EN-	LUGAL.GI.EN	PN
noun	LUGAL.GI-	LUGAL.GI	PN
noun	LUGAL-ka	ever+n+akka	König
noun	LUGAL-k	ever+n+akka	König
noun	LUGAL-ni	ever+ni	König
noun	LÚ-i	tāġe	Mann
noun	LÚ-ka	taġ+akka	Mann
noun	LÚ-k	taġ+akka	Mann
noun	lullimpar	lull+i+mb+ar+i	u.B.
noun	lullui	Lullue	GN
noun	lušturi	lōšt+o+re	u.B.
noun	luštur	lōšt+o+re	u.B.
noun	maḫi	māġi	u.B.
noun	maḫiri	maġiri	Marktplatz
noun	maḫir	maġiri	Marktplatz
noun	maḫitti	maġitti	u.B.
noun	maḫri	māġri	u.B.
noun	maḫr	māġri	u.B.
noun	maḫuri	maġōri	u.B.
noun	maḫur	maġōri	u.B.
noun	maittan	maētta+ni	u.B.
noun	makalti	magaldi	ein Brot
noun	makp	makpi	u.B.
noun	mali	mali	u.B.
noun	mali	māli	u.B.
noun	mallat	mall+ade	Schüssel; Schale
noun	mal	mali	u.B.
noun	mal	māli	u.B.
noun	malpaši	malvāži	u.B.
noun	maluši	māl+ō+žē	u.B.
noun	mammuri	mamm+o+re	u.B.
noun	mammur	mamm+o+re	u.B.
noun	mamuri	mām+o+re	u.B.
noun	mamur	mām+o+re	u.B.
noun	man	māni	u.B.
noun	mannamištu	Mannamištu	PN
noun	mannuwali	mānnuwali	u.B.
noun	mannuwalli	mānnuwalli	u.B.
noun	mannuwall	mānnuwalli	u.B.
noun	mannuwal	mānnuwali	u.B.
noun	mantukki	mandukki	u.B.
noun	mantukk	mandukki	u.B.
noun	manul	mānoli	u.B.
noun	manur	mān+o+re	u.B.
noun	maraššanta	Maraššanda	GN
noun	marašti	marašte	u.B.
noun	mariann	mariannu	Streitwagenkämpfer
noun	mariannui	mariannui	Streitwagenkämpfer
noun	mariannu	mariannu	Streitwagenkämpfer
noun	mari	mari	u.B.
noun	marišḫi	mar+i+šḫe	u.B.
noun	mar	mari	u.B.
noun	marni	marne	u.B.
noun	marn	marne	u.B.
noun	martamani	mardam+a+ni	u.B.
noun	martaman	mardam+a+ni	u.B.
noun	martamanni	Mardamanni	GN
noun	martamanni	mardam+a+nni	u.B.
noun	martamann	Mardamanni	GN
noun	martamann	mardam+a+nni	u.B.
noun	marun	mar+ō+ni	u.B.
noun	maruši	maroži	Krankheit
noun	masanuri	mazanuri	u.B.
noun	masanur	mazanuri	u.B.
noun	maški	māški	Schale?
noun	massaḫ	massaġi	u.B.
noun	mass	massi	u.B.
noun	matani	mad+a+ni	u.B.
noun	matan	mad+a+ni	u.B.
noun	matanna	mad+a+nni	u.B.
noun	matann	mad+a+nni	u.B.
noun	matili	mādili	u.B.
noun	matill	mādilli	u.B.
noun	matil	mādili	u.B.
noun	mati	mādi	Weisheit
noun	matiri	māderi	u.B.
noun	matir	māderi	u.B.
noun	matišḫ	mād+i+šḫi	u.B.
noun	matl	madli	u.B.
noun	mat	mādi	Weisheit
noun	miḫultani	miġ+ul+d+a+ni	u.B.
noun	miḫultan	miġ+ul+d+a+ni	u.B.
noun	miḫult	miġuldi	u.B.
noun	miki	Mēgi	PN
noun	mili	mili	u.B.
noun	mil	mili	u.B.
noun	miluli	milōli	u.B.
noun	milul	milōli	u.B.
noun	mini	mēni	u.B.
noun	mini	mini	Nacht?
noun	mini	mini	u.B.
noun	miniši	min+i+že	u.B.
noun	min	mena	Zwilling?; Geschwister?
noun	min	mēni	u.B.
noun	min	mini	Nacht?
noun	min	mini	u.B.
noun	mip	mēbi	u.B.
noun	miri	mēri	u.B.
noun	miri	mīri	u.B.
noun	mirišḫi	mir+e+šḫi	u.B.
noun	mir	mēri	u.B.
noun	mir	mīri	u.B.
noun	mirša	mirži	u.B.
noun	mirš	mirži	u.B.
noun	mirulap	mir+ul+avi	u.B.
noun	mitkitt	mitkitti	u.B.
noun	muir	mū+i+re	u.B.
noun	mukišanun	Mūgižanun	GN
noun	munḫ	munġi	u.B.
noun	mun	muni	u.B.
noun	munurimi	mūnurimi	u.B.
noun	MUNUS	āšte	(Ehe)frau
noun	MUNUS-ti	āšte	(Ehe)frau
noun	murḫulišt	murġulišti	u.B.
noun	muri	mōri	u.B.
noun	mur	mōri	u.B.
noun	murn	murni	u.B.
noun	murri	mōrri	u.B.
noun	murr	mōrri	u.B.
noun	murr	murri	u.B.
noun	mušni	muž+ni	Ordnung?; Gerechtigkeit?
noun	mušn	muž+ni	Ordnung?; Gerechtigkeit?
noun	mušuni	Mužoni	DN
noun	mušuni	muž+u+ni	Heger?; Bauer?
noun	mušun	Mužoni	DN
noun	mušun	muž+u+ni	Heger?; Bauer?
noun	mušun	muž+u+ni	u.B.
noun	mušunni	Mužoni	DN
noun	muwiri	mū+i+re	u.B.
noun	naḫḫašši	naḫḫ+a+šše	u.B.
noun	naḫḫuš	naḫḫ+o+že	Sitzgelegenheit
noun	naḫḫutḫi	naḫḫ+ō+tḫe	Sitzgelegenheit
noun	naḫḫutḫ	naḫḫ+ō+tḫe	Sitzgelegenheit
noun	naḫmasuli	Naġmazuli	DN
noun	naḫmasul	Naġmazuli	DN
noun	naḫulin	naġ+ōll+i+nni	u.B.
noun	naḫullinn	naġ+ōll+i+nni	u.B.
noun	naia	nāya	u.B.
noun	naiḫi	na+i+ġē	Weide
noun	nai	nāye	u.B.
noun	nakiri	nagēri	u.B.
noun	nakir	nagēri	u.B.
noun	nakkašḫ	nakk+a+šḫe	u.B.
noun	nakti	nakti	u.B.
noun	nakti	nakti	zerstört?; Ruine?
noun	naktumi	naktumi	u.B.
noun	nali	nāli	Rehbock
noun	nali	nāli	u.B.
noun	nalmun	nālm+o+ni	u.B.
noun	nal	nāli	Rehbock
noun	nal	nāli	u.B.
noun	naltiri	nāldiri	u.B.
noun	naltir	nāldiri	u.B.
noun	naluiri	nālōeri	u.B.
noun	naluir	nālōeri	u.B.
noun	nalun	nāl+ō+ni	u.B.
noun	namli	namli	Bett
noun	naml	namli	Bett
noun	nammali	nammali	Bett
noun	nammal	nammali	Bett
noun	namni	Namni	GN
noun	namn	Namni	GN
noun	nani	nāni	u.B.
noun	nan	nāni	u.B.
noun	nanti	nāndi	u.B.
noun	nanuiri	nānuiri	u.B.
noun	nanuir	nānuiri	u.B.
noun	napani	navani	u.B.
noun	napan	navani	u.B.
noun	napari	Nabari	DN
noun	napari	nab+ar+i	u.B.
noun	napari	Navari	GN
noun	napar	Nabari	DN
noun	napar	nab+ar+i	u.B.
noun	napar	Navari	GN
noun	naparpi	Nabarbi	DN
noun	napati	nābadi	u.B.
noun	napi	nave	(Todes-)Schicksal?
noun	napi	nave	u.B.
noun	napinn	nab+i+nni	u.B.
noun	napiš	nāb+i+že	u.B.
noun	nap	nabi	u.B.
noun	nap	nave	(Todes-)Schicksal?
noun	napni	nabni	u.B.
noun	napn	nabni	u.B.
noun	napr	nabri	u.B.
noun	napuši	nāb+ō+že	u.B.
noun	napušinn	nāb+ōž+i+nni	u.B.
noun	napuš	nāb+ō+že	u.B.
noun	našaki	nažāgi	u.B.
noun	našarni	nāž+ar+ni	u.B.
noun	našarn	nāž+ar+ni	u.B.
noun	našp	našpi	u.B.
noun	natḫi	natḫi	Bett
noun	natḫ	natḫi	Bett
noun	natki	natki	u.B.
noun	natkini	natki+ni	u.B.
noun	natkin	natki+ni	u.B.
noun	nauni	nau+ni	Weide
noun	naun	nau+ni	Weide
noun	naunn	nāū+nni	Weide
noun	nawun	nau+ni	Weide
noun	nawunni	nāū+nni	Weide
noun	naya	nāya	u.B.
noun	nayi	nāye	u.B.
noun	niḫari	niġari	Mitgift; Gabe
noun	niḫar	niġari	Mitgift; Gabe
noun	niḫarši	niġar+že	u.B.
noun	niḫarš	nēġār+že	u.B.
noun	niḫi	niġe	u.B.
noun	niḫirn	neġer+ni	Brust
noun	niḫ	niġe	u.B.
noun	niḫriaši	nīġr+i+a+že	u.B.
noun	nikal	Nigalo	DN
noun	nikalu	Nigalo	DN
noun	nikkal	Nikkal	DN
noun	nikkalu	Nikkal	DN
noun	nik	nigi	u.B.
noun	nikri	negri	Schutz, Beschützer
noun	nikr	negri	Schutz, Beschützer
noun	nila	nēla	u.B.
noun	nilḫ	nelġi	u.B.
noun	nili	nēli	Honig
noun	nili	nēli	u.B.
noun	nil	nēla	u.B.
noun	nil	nēli	Honig
noun	nil	nēli	u.B.
noun	nil	nili	u.B.
noun	ninatta	Ninatta	DN
noun	ninuwa	Ninuwa	GN
noun	nipar	nīv+ar+i	u.B.
noun	nipaši	nēb+ā+že	u.B.
noun	nipaši	nīv+ā+že	u.B.
noun	nipaš	nēb+ā+že	u.B.
noun	nipiri	niviri	u.B.
noun	nipir	niviri	u.B.
noun	nippilup	Nippilova	GN
noun	nipr	nibri	u.B.
noun	nira	nera	Mutter
noun	nirḫi	nirġi	u.B.
noun	nirḫ	nirġi	u.B.
noun	niri	neri	gut; Güte
noun	nir	nera	Mutter
noun	nir	neri	gut; Güte
noun	nirni	nēr+ni	Mutter
noun	nirn	nēr+ni	Mutter
noun	nirut	nir+ud+i	u.B.
noun	nišḫi	nešḫi	u.B.
noun	nišši	nešši	Gabe
noun	nišš	nešši	Gabe
noun	nituḫi	nēd+o+ġē	u.B.
noun	nuḫašši	Nōġašše	GN
noun	nuḫḫaši	nuḫḫ+a+že	u.B.
noun	nuḫ	nōġ	u.B.
noun	nuḫuni	nuġ+o+ni	u.B.
noun	nuḫun	nuġ+o+ni	u.B.
noun	nui	noi	Ohr
noun	nulati	nul+ade	u.B.
noun	nuli	nuli	nuli-Soldat
noun	nul	nuli	nuli-Soldat
noun	num	nūmi	u.B.
noun	numri	numri	u.B.
noun	numr	numri	u.B.
noun	nupani	nūv+a+ni	u.B.
noun	nupan	nūv+a+ni	u.B.
noun	nupari	nōv+ar+ē	u.B.
noun	nupari	nūv+ar+i	u.B.
noun	nupar	nōv+ar+ē	u.B.
noun	nupar	nūv+ar+i	u.B.
noun	nupi	nōvi	u.B.
noun	nup	nōvi	u.B.
noun	nupurn	nubur+ni	u.B.
noun	nupur	nubur+ni	u.B.
noun	nurantiḫi	nurandiġi	Granatapfel
noun	nurašši	nur+ā+šše	u.B.
noun	nuriḫi	nor+i+ġe	u.B.
noun	nurpi	nūrbi	u.B.
noun	nutansaḫi	nudan+z+a+ġe	u.B.
noun	nutansaḫ	nudan+z+a+ġe	u.B.
noun	nutiri	nōdiri	u.B.
noun	nutir	nōdiri	u.B.
noun	nutkiḫ	nutk+i+ġe	u.B.
noun	nutuš	nūd+o+že	u.B.
noun	nuw	noi	Ohr
noun	(-)paaši	fāži	Mund
noun	paḫan	pāġani	u.B.
noun	paḫantari	paġ+and+ar+i	u.B.
noun	paḫantar	paġ+and+ar+i	u.B.
noun	paḫantinn	pāġ+and+i+nni	u.B.
noun	paḫantinsi	paġ+and+i+n+zi	u.B.
noun	paḫantinsi	pāġ+and+i+n+zi	u.B.
noun	paḫanti	pāġ+and+i	u.B.
noun	paḫant	pāġ+and+i	u.B.
noun	paḫar	pāġ+ar+i	u.B.
noun	paḪARri	pāġarri	u.B.
noun	paḪARri	pāġurri	u.B.
noun	paḪARri	pāmurri	u.B.
noun	paḫarr	pāġarri	u.B.
noun	paḫati	fāġadi	u.B.
noun	paḫḫiri	paḫḫiri	u.B.
noun	paḫḫir	paḫḫiri	u.B.
noun	paḫii	pāġi	Kopf
noun	paḫilai	pāġilāe	u.B.
noun	paḫi	pāġi	Kopf
noun	paḫi	paġi	u.B.
noun	paḫiri	pāġ+i+rī	u.B.
noun	paḫir	pāġ+i+ri	u.B.
noun	paḫir	pāġ+i+rī	u.B.
noun	paḫli	paġ+li	u.B.
noun	paḫl	paġ+li	u.B.
noun	paḫmi	paġmi	u.B.
noun	paḫ	pāġi	Kopf
noun	paḫr	faġri	gut; Gutes
noun	paḫri	faġri	gut; Gutes
noun	paḫurr	pāġurri	u.B.
noun	pail	faeli	u.B.
noun	paili	faeli	u.B.
noun	paini	pāeni	u.B.
noun	paini	pāini	Tamariske?
noun	paini	paini	u.B.
noun	painni	paīnni	u.B.
noun	painni	pā+i+nni	u.B.
noun	painn	paīnni	u.B.
noun	painn	pā+i+nni	u.B.
noun	pain	pāeni	u.B.
noun	pain	pāini	Tamariske?
noun	pain	paini	u.B.
noun	paipipla	Paib.Ebla	PN
noun	paipipl	Paib.Ebla	PN
noun	pairi	pa+i+re	Erbauer
noun	pairi	pāiri	u.B.
noun	pair	pa+i+re	Erbauer
noun	pair	pāiri	u.B.
noun	paiti	faide	u.B.
noun	pakamm	pag+a+mme	u.B.
noun	palaḫ	palaġi	u.B.
noun	palaḫ	palaḫḫi	u.B.
noun	palaḫ	palaʾe	u.B.
noun	palal	palali	u.B.
noun	palir	pālēri	u.B.
noun	pamurr	pāmurri	u.B.
noun	pannir	panniri	u.B.
noun	pantan	fand+a+ni	recht, rechte Seite
noun	pantani	fand+a+ni	recht, rechte Seite
noun	pantarini	fand+ar+i+nni	Koch
noun	pantarinn	fand+ar+i+nni	Koch
noun	pantarinni	fand+ar+i+nni	Koch
noun	pantari	pand+ar+i	u.B.
noun	pantar	pand+ar+i	u.B.
noun	pant	fandi	recht, rechte Seite
noun	panti	fandi	recht, rechte Seite
noun	pant	pandi	u.B.
noun	papani	paba+ni	Berg
noun	papanni	paba+ni	Berg
noun	papan	paba+ni	Berg
noun	papilḫ	Pābel+ġe	GN
noun	papni	paba+ni	Berg
noun	papni	pab+ni	Berg
noun	papn	pab+ni	Berg
noun	par	fārē	u.B.
noun	par	fāri	u.B.
noun	parḫi	parġi	Hof
noun	parḫ	parġi	Hof
noun	parii	fārē	u.B.
noun	parili	pārili	Ärgernis; Verfehlung
noun	paril	pārili	Ärgernis; Verfehlung
noun	parini	uw+ar+i+nni	Bäcker
noun	pari	pāri	u.B.
noun	paripi	pāribi	u.B.
noun	parip	pāribi	u.B.
noun	pariruni	pār+i+r+o+ni	u.B.
noun	parirunni	pār+i+r+o+nni	u.B.
noun	parirunn	pār+i+r+o+nni	u.B.
noun	parirun	pār+i+r+o+ni	u.B.
noun	pariši	pāriže	u.B.
noun	parisi	pārizi	ein halbes Kor
noun	pariš	pār+i+že	u.B.
noun	parissati	pariss+ade	ein halbes Kor
noun	park	pargi	u.B.
noun	parnap	parnabi	u.B.
noun	parnuštašši	parn+ušt+ā+šše	u.B.
noun	par	pari	Stirnlocke?
noun	par	pāri	u.B.
noun	parsik	parzīgi	u.B.
noun	pašan	fāžani	Monat
noun	pašani	fāžani	Monat
noun	pasanikar	Fāzanigar	PN
noun	pašanni	pāž+a+nni	u.B.
noun	pašann	pāž+a+nni	u.B.
noun	pasannur	faz+ann+ō+re	u.B.
noun	pasannur	faz+ann+ōr+i	u.B.
noun	paš	fāži	Mund
noun	paš	fāži	u.B.
noun	paši	fāži	Mund
noun	paši	fāži	u.B.
noun	paši	pāže	u.B.
noun	paši	paži	u.B.
noun	pašiti	fāž+idi	u.B.
noun	paš	pāže	u.B.
noun	paššaḫḫi	pāšš+aḫḫ+i	Bote?
noun	paššar	fašš+ar+i	u.B.
noun	paššarukar	pašš+ar+ugār+i	u.B.
noun	pašši	fašši	u.B.
noun	paššiḫ	pašš+i+ġe	Sendung?
noun	pašši	pašši	u.B.
noun	paššitḫa	pāšš+i+tḫe	Gesandter; Bote
noun	paššitḫi	pāšš+i+tḫe	Gesandter; Bote
noun	paššitḫ	pāšš+i+tḫe	Gesandter; Bote
noun	pass	passi	u.B.
noun	pašul	faž+ūli	u.B.
noun	pašuli	faž+ūli	u.B.
noun	pasurann	faz+ur+a+nni	Orator
noun	pa⸣suranni	faz+ur+a+nni	Orator
noun	patarni	padar+ni	Wut
noun	patarn	padar+ni	Wut
noun	patiḫi	fadeġi	u.B.
noun	patk	patki	u.B.
noun	patni	padni	u.B.
noun	patn	padni	u.B.
noun	patran	padra+ni	Zorn?
noun	pattari	pāttari	u.B.
noun	pattar	pāttari	u.B.
noun	pattinn	patt+i+nni	u.B.
noun	patti	patte	u.B.
noun	patti	patti	u.B.
noun	pattipuri	pāttīvori	u.B.
noun	pattipur	pāttīvori	u.B.
noun	patt	patti	u.B.
noun	pattural	pattōrali	u.B.
noun	patturi	pattōri	u.B.
noun	pattur	pattōri	u.B.
noun	payi	paye	u.B.
noun	piari	pīari	u.B.
noun	piar	pīari	u.B.
noun	piḫḫi	fēḫḫi	u.B.
noun	piḫi	pēġi	u.B.
noun	piḫi	piġi	u.B.
noun	piḫ	piġi	u.B.
noun	piḫulap	pēġulabi	u.B.
noun	pikk	fikki	u.B.
noun	pik	pigi	u.B.
noun	pilaḫišiliḫ	pil+āġ+i+šše+li+ġe	Spinnereiarbeit
noun	pili	pili	u.B.
noun	pilla	pilla	Kanal
noun	pilli	pille	Kanal
noun	pill	pilla	Kanal
noun	pill	pille	Kanal
noun	pil	pili	u.B.
noun	pinan	fēn+ā+ni	u.B.
noun	piniašši	pin+i+a+šše	u.B.
noun	pintaiani	pindaia+ni	u.B.
noun	pintaianni	pindaia+nni	u.B.
noun	pintaiann	pindaia+nni	u.B.
noun	pintaian	pindaia+ni	u.B.
noun	pint	fendi	u.B.
noun	pintiḫi	pind+i+ġe	u.B.
noun	pirḫina	Pērġēna	GN
noun	pirḫin	Pērġēna	GN
noun	pirḫin	Pērġēni	GN
noun	pirḫup	pērġubi	u.B.
noun	piri	piri	u.B.
noun	pirišk	fer+i+ški	u.B.
noun	piriški	fer+i+ški	u.B.
noun	pir	Pēri	GN
noun	pir	piri	u.B.
noun	pirri	pirri	u.B.
noun	pirr	pirri	u.B.
noun	pirukar	pir+ugāri	u.B.
noun	piruntuḫ	pirund+ō+ġe	GN?
noun	pišaišpa	Pižāiš.pā	GN
noun	pišaišpi	Fižaišfi	u.B.
noun	pišašapḫi	Pižaža+p+ḫe	DN
noun	pišḫi	pišḫi	u.B.
noun	pisikarra	Pizigarra	PN
noun	pisikarr	Pizigarra	PN
noun	piširi	pižiri	u.B.
noun	pišir	pižiri	u.B.
noun	pišši	fēšši	u.B.
noun	pitari	ped+ar+i	Rind
noun	pitar	ped+ar+i	Rind
noun	pitiḫiki	pideġigi	u.B.
noun	pitkir	pitkiri	u.B.
noun	pitp	fitfi	u.B.
noun	pit	pīdi	u.B.
noun	pittukall	pittugalli	u.B.
noun	pittural	pittōrali	u.B.
noun	pitturi	pittōri	u.B.
noun	pittur	pittōri	u.B.
noun	pitural	pedōrali	u.B.
noun	pituri	pedōri	u.B.
noun	pitur	pedōri	u.B.
noun	pitušši	pid+o+šše	u.B.
noun	pitušš	pid+o+šše	u.B.
noun	puḫi	pōġi	Ersatz; Tausch
noun	puḫ	pōġi	Ersatz; Tausch
noun	puḫuiri	puġuiri	u.B.
noun	puḫuir	puġuiri	u.B.
noun	pui	powe	u.B.
noun	pukat	fog+ādi	u.B.
noun	pukki	pukki	u.B.
noun	pukukar	fog+ugar+i	Finger?
noun	pukukari	fog+ugar+i	Finger?
noun	pukulp	pugulbi	u.B.
noun	pukuri	pōgori	u.B.
noun	pukur	pōgori	u.B.
noun	pukutar	pōg+ud+ār+i	u.B.
noun	puli	poli	u.B.
noun	puli	puli	u.B.
noun	puliti	pul+idi	u.B.
noun	pul	poli	u.B.
noun	pul	puli	u.B.
noun	punḫi	pōnġi	Nase
noun	punturun	fondur+o+ni	u.B.
noun	punturuni	fondur+o+ni	u.B.
noun	punturunn	fondur+o+nni	u.B.
noun	punturunni	fondur+o+nni	u.B.
noun	punuḫun	fonuġ+o+ni	Stärke?
noun	punuḫunn	fonuġ+o+nni	Stärke?
noun	punuḫunši	fōnġon+že	Stärke?
noun	pup	fovi	u.B.
noun	pural	for+ali	u.B.
noun	purali	for+ali	u.B.
noun	puralin	fōr+all+i+nni	Opferschauer
noun	purali	pōrali	u.B.
noun	puralis	fōr+all+i+n+ze	u.B.
noun	puralisii	fōr+all+i+n+ze	u.B.
noun	purallini(-)nišš	nešši	Gabe
noun	purallinn	fōr+all+i+nni	Opferschauer
noun	purallinni	fōr+all+i+nni	Opferschauer
noun	puralli	pōralli	u.B.
noun	purall	pōralli	u.B.
noun	pural	pōrali	u.B.
noun	purammi	pura+mmi	Sklave; Diener
noun	puramm	pura+mmi	Sklave; Diener
noun	puramti	Purandi	GN
noun	purana	for+āna	Vorzeichen
noun	puranati	Pōranade	GN
noun	puranati	Pūrānadi	GN
noun	puran	for+āna	Vorzeichen
noun	puransiḫ	Puranziḫ	GN
noun	puranti	Purandi	GN
noun	pur	fōri	Blick
noun	purḫ	purġi	u.B.
noun	puri	fōri	Blick
noun	purikkunn	fōr+i+kk+o+nni	Sehender?
noun	purikkunni	fōr+i+kk+o+nni	Sehender?
noun	puripat	fōr+i+bāde	u.B.
noun	purir	fōr+i+re	u.B.
noun	puririnn	pur+i+rē+nni	u.B.
noun	purit	fōr+idi	u.B.
noun	purit	pōr+idi	u.B.
noun	purn	pōrni	Tempel
noun	purn	porni	u.B.
noun	purpurn	pur+bur+ni	u.B.
noun	purra	Purra	PN
noun	purrinni	pur+i+rē+nni	u.B.
noun	purr	Purra	PN
noun	purul	fōroli	Tempel
noun	puruli	fōroli	Tempel
noun	purulšar	fōrol+žari	u.B.
noun	purulšari	fōrol+žari	u.B.
noun	purumt	pōr+umdi	u.B.
noun	purunsiḫi	fōrunz+i+ġe	u.B.
noun	puruššui	foruššueni	u.B.
noun	puruššuin	foruššueni	u.B.
noun	puruššuini	foruššueni	u.B.
noun	puruššuini	foruššue+nni	u.B.
noun	puruššuinn	foruššue+nni	u.B.
noun	puruššuinni	foruššue+nni	u.B.
noun	purušui	foruššueni	u.B.
noun	purušuini	foruššue+nni	u.B.
noun	pušši	fūšše	u.B.
noun	puššinni	pošš+i+nni	u.B.
noun	puššinn	pošš+i+nni	u.B.
noun	pušši	pōšši	u.B.
noun	pušši	puššē	u.B.
noun	pušši	pušši	u.B.
noun	puss	pussi	u.B.
noun	pušš	pušši	u.B.
noun	putarin	fud+ar+i+nni	Abwäscher
noun	putarinn	fud+ar+i+nni	Abwäscher
noun	putiḫi	fod+i+ġe	u.B.
noun	putk	fut+ki	Sohn
noun	putki	fut+ki	Sohn
noun	puttiḫi	put+t+i+ġe	u.B.
noun	puttiḫ	put+t+i+ġe	u.B.
noun	putulimašši	fud+ol+i+m+a+šše	u.B.
noun	putulin	fud+ol+i+ni	u.B.
noun	putuš	fud+ō+že	u.B.
noun	puwi	powe	u.B.
noun	SAG-ḫi	pāġi	Kopf
noun	šaḫari	šāġ+ar+i	Ziegenbock
noun	šaḫar	šāġ+ar+i	Ziegenbock
noun	šaḫatnati	šaġad+n+adi	Hälfte
noun	saḫḫ	saḫḫi	Bandwurmfinne
noun	šaḫli	šāġlē	u.B.
noun	šaḫli	šāġli	u.B.
noun	šaḫl	šāġlē	u.B.
noun	šaḫl	šāġli	u.B.
noun	šaḫurunuwa	Šaġurunuwa	PN
noun	šaišḫi	šā+i+šḫe	u.B
noun	šaišḫi	šā+i+šḫe	u.B.
noun	šakar	šag+ar+i	u.B.
noun	sakkanti	sakkandi	u.B.
noun	šakumši	šag+um+že	u.B.
noun	šalapnir	šālabniri	u.B.
noun	šalapni	šālab+ni	u.B.
noun	šalapn	šālab+ni	u.B.
noun	šala	šāla	Tochter
noun	šalati	šālade	u.B.
noun	sali	sāli	u.B.
noun	šali	šāli	u.B.
noun	šallaii	šallaie	u.B.
noun	šallai	šallaie	u.B.
noun	sallap	sāllavi	u.B.
noun	salmi	salmi	Bild; Statue
noun	salmišḫ	salm+i+šḫi	u.B.
noun	salm	salmi	Bild; Statue
noun	šal	šāla	Tochter
noun	sal	sāli	u.B.
noun	šal	šāli	u.B.
noun	sal	salmi	Bild; Statue
noun	šalt	šāldi	u.B.
noun	šamani	šāmani	u.B.
noun	šamanni	šāmanni	u.B.
noun	šamann	šāmanni	u.B.
noun	šaman	šāmani	u.B.
noun	šamm	šammi	u.B.
noun	ŠÀ-ni	ištani	Inneres
noun	ŠÀ-n	ištani	Inneres
noun	sankanti	sangandi	u.B.
noun	sansami	sanzāmi	u.B.
noun	šan	šāni	u.B.
noun	sanukar	san+ugar+i	u.B.
noun	šapalani	šab+al+a+ni	u.B.
noun	šapalan	šab+al+a+ni	u.B.
noun	šapali	šabali	u.B.
noun	sapalki	sabal+gi	u.B.
noun	sapalk	sabal+gi	u.B.
noun	šapall	šaballi	u.B.
noun	šapal	šabali	u.B.
noun	šapatni	šabad+ni	u.B.
noun	šapatni	šavad+ni	u.B.
noun	šapatn	šabad+ni	u.B.
noun	šapatn	šavad+ni	u.B.
noun	šapḫalti	šapḫaldi	linke Seite; links
noun	šapin	šabeni	u.B.
noun	šapinuwa	Šabinuwa	GN
noun	saplašši	sabl+a+šše	u.B.
noun	šapli	šabli	u.B.
noun	šapli	šavli	Jahr
noun	šapl	šabli	u.B.
noun	šapl	šavli	Jahr
noun	saplunki	sabl+ung+i	u.B.
noun	šappuši	šapp+o+že	u.B.
noun	sapri	sabri	böse
noun	sapri	sabri	u.B.
noun	sapr	sabri	böse
noun	sapr	sabri	u.B.
noun	šap	šabi	u.B.
noun	sapsapi	sap+sab+i	u.B.
noun	sapsappi	sap+sab+i	u.B.
noun	šapti	šapti	u.B.
noun	šapui	šāv+ō+ʾe	u.B.
noun	šapurn	šabur+ni	u.B.
noun	šapuši	šav+ō+že	erhaben
noun	šapuška	Šavoška	DN
noun	šapušk	Šavoška	DN
noun	šarammi	šarāmmē	u.B.
noun	šararm	šarārmi	u.B.
noun	šari	šari	u.B.
noun	šari	šāri	Wunsch
noun	šarkapšarri	Šargap.šarri	PN
noun	šarkapšarr	Šargap.šarri	PN
noun	sarmati	Sarmade	GN
noun	šarnitḫi	šarn+i+tḫe	u.B.
noun	šarrašši	šarr+a+šše	Königtum
noun	šarrašš	šarr+a+šše	Königtum
noun	šarri	šarrē	u.B.
noun	šarri	šarri	Gottkönig
noun	šarr	šarrē	u.B.
noun	šarr	šarri	Gottkönig
noun	šarrumma	Šarrumma	DN
noun	šaršaraima	Šaržāraima	DN
noun	šaršarai	Šaržārai	DN
noun	šar	šari	u.B.
noun	šar	šāri	Wunsch
noun	šarš	šarže	u.B.
noun	šarti	šarde	u.B.
noun	sasalla	Sāzalla	PN
noun	sasall	Sāzalla	PN
noun	šašari	šažari	Säge
noun	šašar	šažari	Säge
noun	šasir	šaziri	u.B.
noun	šasir	taziri	u.B.
noun	sasi	sāzi	u.B.
noun	šašpi	šašfe	Zicklein?
noun	sašr	sažri	u.B.
noun	sassari	sāss+ar+i	u.B.
noun	sassar	sāss+ar+i	u.B.
noun	sassin	sassi+ni	u.B.
noun	sassi	sassi	u.B.
noun	sasult	saz+ul+di	u.B.
noun	šatani	šadani	u.B.
noun	šatan	šadani	u.B.
noun	šatiri	šaderi	u.B.
noun	šatir	šaderi	u.B.
noun	šatn	šadni	u.B.
noun	šattaḫamur	šattaġamōri	u.B.
noun	šaur	šauri	Waffe
noun	šauška	Šavoška	DN
noun	šawri	šauri	Waffe
noun	šawr	šauri	Waffe
noun	šayu	šāyu	u.B.
noun	šiaiašši	šīaiašše	u.B.
noun	šiai	šiae	u.B.
noun	šiali	šiali	u.B.
noun	šial	šiali	u.B.
noun	šiani	šiāni	u.B.
noun	šian	šiāni	u.B.
noun	šia	šiya	Wasser; Fluss
noun	šia	šiye	Wasser; Fluss
noun	šiati	šīadi	u.B.
noun	SI.GAR-r	SI.GAR.ri	Halszwinge
noun	SI.GARr	SI.GAR.ri	Halszwinge
noun	šiḫala	šēġala	rein; Reinheit
noun	šiḫalaššiḫi	šeġal+a+šše+ġe	u.B.
noun	šiḫal	šēġala	rein; Reinheit
noun	šiḫa	šēġa	Tor
noun	šiḫatt	šīġ+ātti	u.B.
noun	šiḫatulimašši	šēġ+ad+ul+i+m+a+šše	u.B.
noun	šiḫilli	šeġelli	rein; Reinheit
noun	šiḫilli	šeġli	rein; Reinheit
noun	šiḫill	šeġelli	rein; Reinheit
noun	šiḫils	šeġel+zi	u.B.
noun	šiḫir	šeġiri	u.B.
noun	siḫi	sēġi	u.B.
noun	šiḫli	šeġli	rein; Reinheit
noun	šiḫl	šeġli	rein; Reinheit
noun	šiḫl	šeġli	u.B.
noun	šiḫri	šeġri	u.B.
noun	šiḫr	šeġri	angenehm; großzügig
noun	šiḫr	šeġri	u.B.
noun	šiḫrul	šeġr+oli	u.B.
noun	šiḫruns	šeġrun+ze	u.B.
noun	šiḫrušḫi	šeġr+o+šḫi	u.B.
noun	šiḫ	šēġa	Tor
noun	siḫ	sēġi	u.B.
noun	šiḫ	šīġi	u.B.
noun	šiḫuni	šeġōni	u.B.
noun	šiḫun	šeġōni	u.B.
noun	šiḫurninni	šeġor+n+i+nni	u.B.
noun	šiḫurninn	šeġor+n+i+nni	u.B.
noun	šiḫurni	šeġor+ni	Leben
noun	šiḫurn	šeġor+ni	Leben
noun	šiilp	šīlvi	u.B.
noun	šii	šiye	Wasser; Fluss
noun	sikalti	sigaldi	u.B.
noun	sikaltuši	sigald+o+že	u.B.
noun	sikarulli	sig+ar+ulli	u.B.
noun	sikarull	sig+ar+ulli	u.B.
noun	šikati	šig+adi	u.B.
noun	šikatiš	šīg+ad+i+že	u.B.
noun	šikat	šig+adi	u.B.
noun	sikil	sīgili	u.B.
noun	šikki	šikki	Pflock?; Balken?
noun	šikk	šīkki	u.B.
noun	sikkus	sikkuzi	u.B.
noun	šiklati	šigl+ade	Schekel
noun	sikrušḫi	sigr+ō+šḫe	u.B.
noun	šilaḫikkunni	šil+aġ+i+kk+o+nni	u.B.
noun	šilaḫikkunn	šil+aġ+i+kk+o+nni	u.B.
noun	šilaḫi	šilaġi	u.B.
noun	šilaluḫi	šilaluġi	ein Rank oder Beruf
noun	šilap	šilavi	u.B.
noun	šillatar	šīll+ad+ār+i	u.B.
noun	šilli	šelli	Haus
noun	šill	šelli	Haus
noun	šilluḫli	šell+o+ġ+li	Hausangehöriger?
noun	šilluḫl	šell+o+ġ+li	Hausangehöriger?
noun	šilluḫlupši	šell+o+ġ+l+o+pše	u.B.
noun	šillušš	šell+o+šše	u.B.
noun	silmi	selmi	u.B.
noun	šilp	šelbi	u.B.
noun	šilpun	šelb+o+ni	u.B.
noun	šil	šeli	u.B.
noun	šilumutḫi	šil+um+ō+tḫe	u.B.
noun	šiluši	šel+o+že	u.B.
noun	šiluš	šel+o+že	u.B.
noun	šimikai	Šimiga+i	DN
noun	šimiki	Šimige	DN
noun	šimir	šemiri	u.B.
noun	šimi	šimi	u.B.
noun	simitati	simidadi	u.B.
noun	simitat	simidadi	u.B.
noun	simmi	simmi	u.B.
noun	šinammaturi	Šīnammadōri	PN
noun	šinammatur	Šīnammadōri	PN
noun	šina	šena	Bruder
noun	sinii	sinīe	u.B.
noun	šininn	šen+i+nni	u.B.
noun	šini	šeni	u.B.
noun	sini	sinē	u.B.
noun	šini	šī+ni	Auge
noun	sini	sini	u.B.
noun	šinnaḫini	šinnaġi+ni	u.B.
noun	šinnaḫin	šinnaġi+ni	u.B.
noun	šinn	šēn+ni	Bruder
noun	šinn	šēnni	u.B.
noun	šinnukkali	šinnukkali	u.B.
noun	šinnukkal	šinnukkali	u.B.
noun	šin	šena	Bruder
noun	šin	šeni	u.B.
noun	sin	sinē	u.B.
noun	šin	šī+ni	Auge
noun	sin	sini	u.B.
noun	šinsuw	šen+z+ūwi	zweiter
noun	šintaḫi	šindaġe	ein Leberteil
noun	šintaminni	Šendamenni	PN
noun	šintaminn	Šendamenni	PN
noun	šintat	šind+ade	siebener Gruppe
noun	šinti	šindi	u.B.
noun	šintišši	šindi+ššē	siebter
noun	šint	šindi	u.B.
noun	šinunaḫi	šīnunaġi	u.B.
noun	šinupi	šinubi	u.B.
noun	šinurḫi	šinurġi	Zwilling?
noun	šinutḫi	Šinutḫi	GN
noun	šinut	Šinut	GN
noun	sipari	sib+ar+i	u.B.
noun	šipar	šeb+ār+i	u.B.
noun	sipar	sib+ar+i	u.B.
noun	šipiri	ševeri	u.B.
noun	šipir	ševeri	u.B.
noun	sipi	sibi	u.B.
noun	šip	šibi	u.B.
noun	sipsiḫḫ	sips+i+ḫḫe	u.B.
noun	širammi	šērāmmi	Norden
noun	širank	šēr+ang+i	u.B.
noun	širḫ	šer+ġe	u.B.
noun	širḫ	šerġi	u.B.
noun	širi	Šēri	DN
noun	širi	šēri	jeder?
noun	širi	šēri	u.B.
noun	širi	šīri	u.B.
noun	širi	šīri	Zahl
noun	širišu	Šērižu	DN
noun	širminḫi	šermin+ġe	Zypresse?
noun	širminḫ	šermin+ġe	Zypresse?
noun	širni	šīr+ni	u.B.
noun	širn	šīr+ni	Glanz?
noun	širn	šīr+ni	u.B.
noun	širpi	šervi	u.B.
noun	širp	šerbi	u.B.
noun	sirri	serrē	Esel
noun	sirr	serrē	Esel
noun	šir	Šēri	DN
noun	šir	šēri	jeder?
noun	šir	šēri	u.B.
noun	šir	šīri	u.B.
noun	šir	šīri	Zahl
noun	širši	šer+že	u.B.
noun	sirtin	sirdini	u.B.
noun	širur	šīrūri	u.B.
noun	ši	šī	Auge
noun	sisi	sēze	Brust?
noun	siši	sēži	u.B.
noun	ši	šiye	Wasser; Fluss
noun	šišpi	šešfe	Zicklein
noun	šiššali	šeššali	u.B.
noun	šiššalli	šeššalli	u.B.
noun	šiššall	šeššalli	u.B.
noun	šiššal	šeššali	u.B.
noun	šiš	šēži	u.B.
noun	sissir	siss+i+re	u.B.
noun	siss	sissi	Brust?
noun	šišti	šešti	u.B.
noun	šištuḫalsi	šeštuġ+al+zi	u.B.
noun	šitarni	šid+ar+ni	Fluch
noun	šitarn	šid+ar+ni	Fluch
noun	šitarpu	Šidarbu	GN
noun	šituri	šid+ō+ri	Mädchen; junge Frau
noun	šitur	šid+ō+ri	Mädchen; junge Frau
noun	šiwḫ	šīuġi	u.B.
noun	šiw	šīwi	u.B.
noun	šiwuli	šīwuli	u.B.
noun	šiwul	šīwuli	u.B.
noun	šiyi	šiye	Wasser; Fluss
noun	š	šī	Auge
noun	s	si	u.B.
noun	š	šiye	Wasser; Fluss
noun	ŠÚ.A-ḫi	kešḫi	Thron
noun	ŠÚ.A-ki	kešḫi	Thron
noun	ŠU.GI-šari	ŠU.GI+šari	Ältestenschaft
noun	ŠU.GIšar	ŠU.GI+šari	Ältestenschaft
noun	šuḫari	šōġ+ar+i	u.B.
noun	šuḫari	šūġ+ar+i	u.B.
noun	šuḫar	šōġ+ar+i	u.B.
noun	šuḫar	šūġ+ar+i	u.B.
noun	šuḫašši	šōġ+a+šše	u.B.
noun	suḫḫi	suḫḫi	u.B.
noun	šuḫḫunni	šuḫḫ+o+nni	Amme
noun	šuḫḫunn	šuḫḫ+o+nni	Amme
noun	suḫišali	suġižali	u.B.
noun	suḫišalli	suġižalli	u.B.
noun	suḫišall	suġižalli	u.B.
noun	suḫišal	suġižali	u.B.
noun	šuḫraši	šuġr+ā+že	u.B.
noun	šuḫrašn	šuġraž+ni	u.B.
noun	suḫri	suġri	Gras
noun	suḫr	suġri	Gras
noun	šuḫ	šuʾi	u.B.
noun	šuḫuni	šōġoni	Mauer
noun	šuḫun	šōġoni	Mauer
noun	šuḫuri	šōġori	Leben
noun	šuḫuri	šoġuri	u.B.
noun	šuḫur	šōġori	Leben
noun	šuḫur	šoġuri	u.B.
noun	šui	šōe	u.B.
noun	sui	sōī	u.B.
noun	sukamitt	sūgamitti	u.B.
noun	šukammuir	šūg+amm+uiri	u.B.
noun	sukasukanišš	suga+zūga+ni+šše	u.B.
noun	sukasukani	suga+zūga+ni	u.B.
noun	sukasukan	suga+zūga+ni	u.B.
noun	šukatti	šūgatte	u.B.
noun	šuki	šūgē	u.B.
noun	šuki	šūgi	Dach?
noun	sukitti	sūgētte	u.B.
noun	šukkani	šokk+a+ni	der eine
noun	šukkan	šokk+a+ni	der eine
noun	sukki	sukki	u.B.
noun	šukkui	šukkue	u.B.
noun	šukkunn	šukk+o+nni	u.B.
noun	šukkun	šukk+o+ni	u.B.
noun	šukkuti	šokkudi	vereint?
noun	šukkut	šokkudi	vereint?
noun	šukkutt	šukk+utti	u.B.
noun	sulišk	sūl+eški	u.B.
noun	suliš	sūl+i+že	u.B.
noun	sulki	sul+gi	Bindung?
noun	šulli	šolli	Kohle
noun	šull	šolli	Kohle
noun	šull	šulli	u.B.
noun	šullupri	šullūbri	ein Gebäck
noun	šullupr	šullūbri	ein Gebäck
noun	sul	soli	Bindung
noun	šul	šūli	u.B.
noun	suluši	sul+ō+že	u.B.
noun	suluti	sūl+ūde	u.B.
noun	šumali	šumali	u.B.
noun	šumal	šumali	u.B.
noun	šuman	šumm+a+ni	u.B.
noun	sumḫari	sumġari	u.B.
noun	sumḫar	sumġari	u.B.
noun	sumḫar	sumġar	u.B.
noun	šumki	šumgī	u.B.
noun	šummanini	šumm+a+ni+ne	u.B.
noun	šummanin	šumm+a+ni+ne	u.B.
noun	šummani	šumm+a+ni	u.B.
noun	šummanni	šumm+a+nni	u.B.
noun	šummann	šumm+a+nni	u.B.
noun	šumman	šumm+a+ni	u.B.
noun	šummir	šummeri	u.B.
noun	šummunni	šummōnni	Hand
noun	šummunn	šummōnni	Hand
noun	šummunturi	šomm+und+o+re	der durch sie ausgehändigte?; der der sich bestimmte?
noun	šummuntur	šomm+und+o+re	der durch sie ausgehändigte?; der der sich bestimmte?
noun	šummu(-)unturi	šomm+und+o+re	der durch sie ausgehändigte?; der der sich bestimmte?
noun	šummu(-)unturi	und+o+re	u.B.
noun	šumniški	šumni+ški	Lehrling?
noun	šumni	šumni	Hand
noun	šumn	šumni	Hand
noun	šum	šumi	u.B.
noun	šumun	šumni	Hand
noun	šumuri	šōmuri	u.B.
noun	šumuri	šumuri	u.B.
noun	šumur	šōmuri	u.B.
noun	šumur	šumuri	u.B.
noun	šunḫ	šunġi	u.B.
noun	šuni	šō+ni	Hand
noun	suni	sōni	u.B.
noun	šunsišḫi	šunz+e+šḫi	u.B.
noun	šunsi	šunzi	u.B.
noun	šun	šō+ni	Hand
noun	sun	sōni	u.B.
noun	šuntin	šundi+ni	u.B.
noun	šupala	šowala	Wein
noun	supar	sōbāri	u.B.
noun	šuparš	šub+ar+že	u.B.
noun	šupa	šowa	Tag
noun	supḫur	sōpḫōri	u.B.
noun	supini	sōve+ne	u.B.
noun	supin	sōve+ne	u.B.
noun	supi	sōve	u.B.
noun	šupi	šubi	u.B.
noun	supitt	subitti	u.B.
noun	supn	subni	u.B.
noun	šuppašši	šupp+a+šše	u.B.
noun	šuppašš	šupp+a+šše	u.B.
noun	suppi	suppi	u.B.
noun	šupriana	šubri+ana	u.B.
noun	šuprian	šubri+ana	u.B.
noun	šupri	šubri	u.B.
noun	šupr	šubri	u.B.
noun	šup	šowa	Tag
noun	šupt	šūpti	u.B.
noun	šupuši	šub+ō+že	u.B.
noun	šurakkann	šurakk+a+nni	u.B.
noun	šurani	šūrani	u.B.
noun	suranki	sūr+ang+i	u.B.
noun	šuranni	šūr+a+nni	u.B.
noun	šurann	šūr+a+nni	u.B.
noun	šuran	šūrani	u.B.
noun	šurašši	šōr+a+šše	u.B.
noun	šuratḫi	šur+a+tḫe	eine Baumart
noun	šuri	šōri	u.B.
noun	šuri	šuri	u.B.
noun	surki	surgi	Blut(tat)
noun	šurni	šūrnī	u.B.
noun	šurn	šūrni	u.B.
noun	šurn	šūrnī	u.B.
noun	šurpiki	šurbēgi	u.B.
noun	šurpi	šūrbē	u.B.
noun	šurpi	šurbi	u.B.
noun	šurp	šurbi	u.B.
noun	šur	šōri	u.B.
noun	šur	šuri	u.B.
noun	surunki	sur+ung+i	u.B.
noun	šuruši	šūrūže	u.B.
noun	suruški	sur+u+ški	u.B.
noun	šuši	šūži	u.B.
noun	šu	šōe	u.B.
noun	sussiši	suss+i+že	u.B.
noun	sušši	sōšši	u.B.
noun	sušš	sōšši	u.B.
noun	sušš	sōšš	u.B.
noun	sussunni	suss+ō+nni	u.B.
noun	sussunn	suss+ō+nni	u.B.
noun	šuš	šūži	u.B.
noun	susumak	suzumagi	u.B.
noun	susunni	suss+ō+nni	u.B.
noun	suwaḫḫu	Suwaḫḫu	GN
noun	šuwali	šowali	Wein
noun	šuwal	šowala	Wein
noun	šuwal	šowali	Wein
noun	šuwani	šuw+a+ni	alle?, gesamt?
noun	šuwan	šuw+a+ni	alle?, gesamt?
noun	(šuwari	(šuwari	u.B.
noun	šuwarrišt	šuwarrišti	u.B.
noun	(šuwar	(šuwari	u.B.
noun	šuwaruti	šūwarudi	u.B.
noun	šuwa	šowa	Tag
noun	suwatatti	suv+ad+atte	ein Viertel Kor
noun	suwi	sūve	u.B.
noun	suw	sūve	u.B.
noun	taḫakka	taġ+akka	Mann
noun	taḫan	tāġani	u.B.
noun	taḫapuri	taġav+o+re	u.B.
noun	taḫapur	taġav+o+re	u.B.
noun	taḫaši	taġ+ā+že	Mannhaftigkeit
noun	taḫḫi	taḫḫe	u.B.
noun	taḫi	tāġe	Mann
noun	taḫi	tāġe	u.B.
noun	taḫ	tāġe	Mann
noun	taḫupi	taġōbi	u.B.
noun	taḫuwati	taġ+o+vadi	u.B.
noun	taki	tagi	Licht; hell
noun	takitu	Tāgidu	DN
noun	takumi	tagumi	u.B.
noun	talipp	talippi	u.B.
noun	tali	tāle	Baum; Holz
noun	tali	tale	u.B.
noun	talman	talm+a+ni	u.B.
noun	talmi	talmi	groß, Größe
noun	talmušši	Talmošše	GN
noun	tal	tāle	Baum; Holz
noun	tal	tale	u.B.
noun	taluliš	tāl+ūl+ī+že	u.B.
noun	tamari	tam+ar+i	u.B.
noun	tamar	tam+ar+i	u.B.
noun	tamašši	tam+a+šše	u.B.
noun	tamkari	tamgāri	Händler
noun	tamkar	tamgāri	Händler
noun	tamkina	Tamgina	DN
noun	tamkin	Tamgina	DN
noun	tammarḫi	tamm+ar+ġe	u.B.
noun	tammatiri	tammaderi	u.B.
noun	tammatir	tammaderi	u.B.
noun	tamri	tamri	u.B.
noun	tamr	tamri	u.B.
noun	tam	tami	u.B.
noun	tanan	tanāni	Verstärkung
noun	tanimmašuḫḫ	tān+imm+a+ž+o+ḫḫe	u.B.
noun	tani	tāni	u.B.
noun	tank	tān+gi	u.B.
noun	tanni	tanni	u.B.
noun	tann	tanni	u.B.
noun	tan	tāni	u.B.
noun	tanumai	tān+u+m+ae	Untat?
noun	tanumak	tānumāgi	u.B.
noun	tanuši	tān+o+že	u.B.
noun	tanuš	tān+o+že	u.B.
noun	tapakk	tabakki	u.B.
noun	tapḫ	tapḫi	u.B.
noun	tapirinn	tab+i+rē+nni	Schmied
noun	tapiri	tab+i+re	Gießer
noun	tapir	tab+i+re	Gießer
noun	tapli	tab+li	Schmied
noun	tapl	tab+li	Schmied
noun	tappuši	šapp+o+že	u.B.
noun	tappuši	tapp+o+že	u.B.
noun	taprani	tabrani	Wachholder?
noun	tapran	tabrani	Wachholder?
noun	taprinni	tab+i+rē+nni	Schmied
noun	taprin	tabrini	Wacholder?
noun	tapr	tabri	Stuhl
noun	taprup	tabrūwi	u.B.
noun	tapšaḫḫ	tapš+āġ+i	Mundschenk
noun	tapšaḫi	tapš+āġ+i	Mundschenk
noun	tapšaḫ	tapš+āġ+i	Mundschenk
noun	tapšuiri	tapšōiri	u.B.
noun	tapšuir	tapšōiri	u.B.
noun	tapšupati	tapš+ō+bāde	u.B.
noun	tapšurš	tapš+ur+že	u.B.
noun	tapšuwari	Tapšuwari	DN
noun	tapšuwar	Tapšuwari	DN
noun	taptani	tapt+a+ni	u.B.
noun	taptan	tapt+a+ni	u.B.
noun	tapti	tapti	u.B.
noun	tarali	tarali	u.B.
noun	taral	tarali	u.B.
noun	tariḫi	tar+i+ġe	u.B.
noun	tarinni	tar+e+nni	u.B.
noun	tarinni	tar+i+nni	u.B.
noun	tarinn	tar+e+nni	u.B.
noun	tarinn	tar+i+nni	u.B.
noun	tarin	tar+e+ni	u.B.
noun	taripti	tar+i+pt+i	u.B.
noun	tari	tare	u.B.
noun	tari	tāri	Feuer
noun	tari	tāri	u.B.
noun	tarki	tar+ġe	u.B.
noun	tarmani	tarm+a+ni	Quelle
noun	tarman	tarm+a+ni	Quelle
noun	tarm	šārmi	u.B.
noun	tarm	tārmi	u.B.
noun	tarni	tarni	u.B.
noun	tarn	tarni	u.B.
noun	tarpi	tarve	u.B.
noun	tarr	tarri	u.B.
noun	taršaš	tarž+a+že	u.B.
noun	tarši	tarže	u.B.
noun	tarš	tarže	u.B.
noun	taršuan	taržuwa+ni	Mensch
noun	taršuwani	taržuwa+ni	Mensch
noun	taršuwanni	taržuwa+ni	Mensch
noun	taršuwansi	taržuwa+n+zi	Menschheit
noun	taršuwan	taržuwa+ni	Mensch
noun	tar	tare	u.B.
noun	tar	tāri	Feuer
noun	tar	tāri	u.B.
noun	taruni	tār+ō+ni	u.B.
noun	tarun	tār+ō+ni	u.B.
noun	tasakkaštur	tazakkašturi	u.B.
noun	tašami	tažame	u.B.
noun	tasir	taziri	u.B.
noun	taši	taže	Geschenk?; Gabe?
noun	taši	tāže	u.B.
noun	taškarḫi	taškar+ġe	Buchsbaum?
noun	taškarḫ	tašk+arġe	u.B.
noun	tašmišarri	Tažmi.šarri	PN
noun	tašmišarr	Tažmi.šarri	PN
noun	taššami	taššāmi	u.B.
noun	taššammi	taššāmi	u.B.
noun	taš	taže	Geschenk?; Gabe?
noun	tata(-)ḫatultaššinamm	tādi	Liebe
noun	tatani	tad+a+ni	u.B.
noun	tatan	tad+a+ni	u.B.
noun	tatariški	tād+ar+e+ški	u.B.
noun	tatḫi	tatḫi	u.B.
noun	tatḫunturi	tātḫ+und+ō+re	u.B.
noun	tatḫuntur	tātḫ+und+ō+re	u.B.
noun	tati(-)ḫatultašši	tādi	Liebe
noun	tatiriški	tad+ir+e+ški	Liebe?
noun	tati	tādi	Liebe
noun	tatittini	tāditti+ni	u.B.
noun	tatittin	tāditti+ni	u.B.
noun	tat	tādi	Liebe
noun	tatti	tatti	u.B.
noun	tatuḫipa	Tado.Ḫeba	PN
noun	tatuḫip	Tado.Ḫeba	PN
noun	tatuḫir	tād+ōġ+i+re	u.B.
noun	tatukar	tad+ugar+i	gegenseitige Liebe
noun	tawti	taudi	u.B.
noun	tiati	tēi+ade	u.B.
noun	tiḫḫi	tiḫḫi	u.B.
noun	tiḫḫ	tiḫḫi	u.B.
noun	tiḫi	tēġi	u.B.
noun	tiḫit	teġidi	u.B.
noun	tiḫp	teḫpi	u.B.
noun	tiḫri	teġri	u.B.
noun	tiḫr	teġri	u.B.
noun	tiḫ	tēġi	u.B.
noun	tiḫuli	teġ+ol+i	u.B.
noun	tiḫul	teġ+ol+i	u.B.
noun	tiḫušši	tēġ+o+šše	Erziehung?
noun	tii	tē	Wort; Sache; Name?
noun	tii	tive	Wort; Sache
noun	tii	tiye	Wort; Sache
noun	tillat	tilladi	u.B.
noun	tiluluši	tel+ōl+o+že	u.B.
noun	tiluluši	til+ōl+o+že	u.B.
noun	timiḫ	temiġi	u.B.
noun	timk	tem+gi	u.B.
noun	timmani	temm+ā+ni	u.B.
noun	timman	temm+ā+ni	u.B.
noun	timmiḫi	temmeġi	u.B.
noun	tini	tē+ni	u.B.
noun	tini	tēni	u.B.
noun	tini	tē+ni	Wort; Name?
noun	tin	tē+ni	u.B.
noun	tin	tēni	u.B.
noun	tin	tē+ni	Wort; Name?
noun	tin	ti+ni	Wort
noun	tipaḫ	tibāġi	u.B.
noun	tipati	tibade	u.B.
noun	tipin	tive	Wort; Sache
noun	tipin	tīvini	Stroh
noun	tipi	tebe	u.B.
noun	tipi	tive	Wort; Sache
noun	tippi	teffe	u.B.
noun	tipšari	tip+šari	Rede, Angelegenheit
noun	tipšar	tip+šari	Rede, Angelegenheit
noun	tip	tebe	u.B.
noun	tip	tibi	u.B.
noun	tip	tive	Wort; Sache
noun	tipuli	tīvoli	u.B.
noun	tipul	tīvoli	u.B.
noun	tipušḫi	tiv+o+šḫi	Rede
noun	tipušḫ	tiv+o+šḫi	Rede
noun	tir	tīri	u.B.
noun	tiša	tiža	Herz
noun	tišat	težadi	u.B.
noun	tišcup	Teššob	DN
noun	tišni	tiž+ni	Herz
noun	tišn	tiž+ni	Herz
noun	tiššini	tešše+ni	u.B.
noun	tiššin	tešše+ni	u.B.
noun	tiššuḫḫi	tišš+o+ḫḫe	u.B.
noun	tiššuḫ	tešš+o+ġe	u.B.
noun	tiššup	Teššob	DN
noun	tiš	teži	u.B.
noun	tiš	tiža	Herz
noun	tišuḫarḫi	tež+uġ+ar+ġe	u.B.
noun	tišuḫarḫ	tež+uġ+ar+ġe	u.B.
noun	tišuḫ	tež+o+ġe	u.B.
noun	ti	tē	Wort; Sache; Name?
noun	titikkinn	tid+i+kk+i+nni	u.B.
noun	titikki	tid+i+kki	u.B.
noun	titir	tederi	u.B.
noun	titi	tidi	u.B.
noun	ti	tiye	Wort; Sache
noun	tit	tidi	u.B.
noun	titt	titti	u.B.
noun	tiuni	te+o+ni	u.B.
noun	tiun	te+o+ni	u.B.
noun	tiwp	teubi	u.B.
noun	tiyi	tiye	Wort; Sache
noun	t	tei	u.B.
noun	t	tē	u.B.
noun	t	tē	Wort; Sache; Name?
noun	t	tiye	Wort; Sache
noun	tuḫalsi	tōġal+zi	u.B.
noun	tuḫatumani	tōġ+ad+om+a+ni	u.B.
noun	tuḫatumanni	tōġ+ad+om+a+nni	u.B.
noun	tuḫatumann	tōġ+ad+om+a+nni	u.B.
noun	tuḫatuman	tōġ+ad+om+a+ni	u.B.
noun	tuḫuli	tōġuli	u.B.
noun	tuḫul	tōġuli	u.B.
noun	tuḫuši	tōġ+ō+že	u.B.
noun	tuḫuši	tuġ+ō+že	u.B.
noun	tuinni	tō+i+nni	u.B.
noun	tuinn	tō+i+nni	u.B.
noun	tui	tui	u.B.
noun	tukali	tugali	u.B.
noun	tukal	tugali	u.B.
noun	tukriš	Tugriž	PN
noun	tuk	tugi	u.B.
noun	TUKUL-ri	šauri	Waffe
noun	TUKUL-	šauri	Waffe
noun	tuli	tōli	u.B.
noun	tuli	tuli	u.B.
noun	tuli	tuli	Weinstock
noun	tulli	tōlli	u.B.
noun	tulli	tulli	u.B.
noun	tull	tōlli	u.B.
noun	tull	tulli	u.B.
noun	tulpulimaš	tulbuli+m+a+že	u.B.
noun	tulpur	tulburi	u.B.
noun	tul	tōli	u.B.
noun	tul	tuli	u.B.
noun	tul	tuli	Weinstock
noun	tummi	tummi	u.B.
noun	tumnati	tomn+adi	Vierergruppe
noun	tunaḫḫi	tōn+ā+ḫḫe	u.B.
noun	tunaḫḫi	tōn+āḫḫ+i	u.B.
noun	tunaḫḫi	tūn+ā+ḫḫe	u.B.
noun	tunaḫḫi	tūn+āḫḫ+i	u.B.
noun	tunili	tōn+ili	u.B.
noun	tunil	tōn+ili	u.B.
noun	tunimmuššuḫḫ	tūn+imm+o+šš+oḫḫe	u.B.
noun	tuniš	tōn+i+že	u.B.
noun	tunitḫi	tun+i+tḫe	u.B.
noun	tuni	tōni	u.B.
noun	tunki	tungi	u.B.
noun	tunk	tungi	u.B.
noun	tun	tōni	u.B.
noun	tun	tūni	Fußschemel?
noun	tunuwari	tunuwari	u.B.
noun	tunuwar	tunuwari	u.B.
noun	tuparn	tuw+ar+ni	u.B.
noun	tupḫ	tupḫi	u.B.
noun	tupi	tōbi	Beschwörung
noun	tuppaišḫi	tuffaē+šḫe	u.B.
noun	tuppi	tuppi	u.B.
noun	tupšari	top+šari	Beschwörung?
noun	tupšar	top+šari	Beschwörung?
noun	tupšikki	tupšikki	u.B.
noun	tupši	tōpši	u.B.
noun	tupš	tōpši	u.B.
noun	tupšuri	tupš+o+re	u.B.
noun	tupšur	tupš+o+re	u.B.
noun	tup	tōbi	Beschwörung
noun	turp	torove	Feind
noun	turpunn	torvonni	Feind
noun	turpuri	turb+ō+re	u.B.
noun	turpur	turb+ō+re	u.B.
noun	turši	turžē	Lunge
noun	tur	tūri	Unterseite?
noun	turuḫḫi	tūr+o+ḫḫe	Fundament?
noun	turupi	torove	Feind
noun	turuppi	toroppi	Feind?
noun	turuturušḫ	turu+dur+o+šḫe	u.B.
noun	turuwi	torove	Feind
noun	tutik	tūdi+gi	Abfallhaufen
noun	tu	tui	u.B.
noun	tuwarni	tuw+ar+ni	u.B.
noun	tuwarn	tuw+ar+ni	u.B.
noun	tuwa	Tuwā	PN
noun	uḫari	uġ+ār+i	u.B.
noun	uḫar	uġ+ār+i	u.B.
noun	uḫi	uġi	Schwein
noun	uḫni	oġ+ni	u.B.
noun	uḫni	oġ+ni	Weh(geschrei)
noun	uḫn	oġ+ni	u.B.
noun	uḫn	oġ+ni	Weh(geschrei)
noun	uḫuni	oġ+o+ni	Weh(geschrei)
noun	uḫun	oġ+o+ni	Weh(geschrei)
noun	uḫušamašši	oġ+ōž+a+mā+šše	u.B.
noun	uḫušamašši	uġ+ōž+am+ā+šše	u.B.
noun	uḫušš	oġ+ō+šše	u.B.
noun	uikki	uwēkki	u.B.
noun	uinapa	Uenawa	GN
noun	uinawa	Uenawa	GN
noun	uiruḫḫ	uwer+o+ḫḫe	u.B.
noun	uittani	uw+ett+a+ni	u.B.
noun	uitt	uwētti	hungrig
noun	ui	uwi	Brot
noun	ukulsiḫ	ug+ol+z+i+ġe	das Niederknien?
noun	ulli	ōlli	u.B.
noun	ull	ōlli	u.B.
noun	ulluḫuši	oll+uġ+o+že	u.B.
noun	ull	Ūllu	PN
noun	ullu	Ūllu	PN
noun	ulmi	ōl+mi	Waffe
noun	ulmi	ūl+me	Sklavin; Dienerin
noun	ulm	ōl+mi	Waffe
noun	ulm	ūl+me	Sklavin; Dienerin
noun	umini	omini	Land
noun	umin	omini	Land
noun	ummallitašši	umm+all+id+a+šše	u.B.
noun	ummani	ummani	Truppe
noun	umman	ummani	Truppe
noun	umman	ummani	u.B.
noun	ummin	omini	Land
noun	ummumašši	ūmm+um+a+šše	u.B.
noun	umpašši	tupp+a+šše	u.B.
noun	umpašši	umb+a+šše	u.B.
noun	umpa	Umba	DN
noun	umpiš	ūmb+i+že	u.B.
noun	umpi	umbi	u.B.
noun	umpi	umve	u.B.
noun	ump	Umba	DN
noun	ump	umbi	u.B.
noun	umpunturi	umb+und+o+re	u.B.
noun	umpuntur	umb+und+o+re	u.B.
noun	umpupat	ūmb+o+bāde	u.B.
noun	umpu	Umbu	DN
noun	uniḫi	un+i+ġe	u.B.
noun	uniḫ	un+i+ġe	u.B.
noun	unip	univi	u.B.
noun	uniri	un+i+re	u.B.
noun	uniri	uniri	u.B.
noun	unir	un+i+re	u.B.
noun	unir	uniri	u.B.
noun	uni	une	u.B.
noun	unturi	und+o+re	u.B.
noun	untur	und+o+re	u.B.
noun	un	une	u.B.
noun	unušḫ	un+o+šḫe	u.B.
noun	un	uw+o+ni	Brot?
noun	upilpaiši	Ubilbaeži	GN
noun	upint	ubindi	u.B.
noun	upiptišši	Ubip.tēšši	PN
noun	upiri	ub+i+re	u.B.
noun	upir	ub+i+re	u.B.
noun	upi	ubi	Gerste
noun	upi	ubī	u.B.
noun	upri	ubri	u.B.
noun	upr	ubri	u.B.
noun	up	ubi	Gerste
noun	up	ubi	u.B.
noun	up	ubī	u.B.
noun	upukarši	ub+ugar+že	Schlacht
noun	urai	uraē	u.B.
noun	urḫati	ōrġadi	u.B.
noun	urḫat	ōrġadi	u.B.
noun	uri	ori	Fuß
noun	uri	ori	u.B.
noun	uri	ure	Mitteilung?; Vorhersage?
noun	uri	uri	u.B.
noun	urki	Ōrgi	GN
noun	urki	ōrgi	u.B.
noun	urki	urgi	u.B.
noun	urmi	ūrmi	Leber
noun	urnašḫi	ōrn+a+šḫe	u.B.
noun	urnirni	urnir+ni	Finger
noun	urnirn	urnir+ni	Finger
noun	ur	ori	Fuß
noun	ur	ori	u.B.
noun	urruki	ūrrugi	u.B.
noun	urtašši	ūrd+a+šše	u.B.
noun	URU-	arde	Stadt
noun	urunni	or+o+nni	hinterer; Rückseite
noun	urunniš	or+o+nni+že	u.B.
noun	urunn	or+o+nni	hinterer; Rückseite
noun	urupi	urūbi	u.B.
noun	ur	ure	Mitteilung?; Vorhersage?
noun	ur	uri	u.B.
noun	ururmil	orurmili	u.B.
noun	uruš	ur+o+že	u.B.
noun	uruš	urūži	u.B.
noun	URU-t	arde	Stadt
noun	URU-ti	arde	Stadt
noun	ušḫar	ušḫ+ār+i	u.B.
noun	ušḫuni	ošḫo+ni	Silber
noun	ušḫun	ošḫo+ni	Silber
noun	usiri	ozēri	u.B.
noun	usir	ozēri	u.B.
noun	ušitḫi	už+i+tḫe	u.B.
noun	uši	uže	Fleisch?
noun	uši	uže	u.B.
noun	usi	uzi	Fleisch
noun	ušn	ōžni	u.B.
noun	uššiḫi	ušš+i+ġe	u.B.
noun	 (-)ušši	ōšši	u.B.
noun	ušši	ōšši	u.B.
noun	uššišši	ušš+e+šše	u.B.
noun	uššunil	ōššunili	u.B.
noun	uššuni	ōšš+o+ni	u.B.
noun	uššun	ōšš+o+ni	u.B.
noun	uššušann	ōššuž+a+nni	u.B.
noun	uššušan	ōššuž+a+ni	u.B.
noun	uššuš	ōšš+o+že	u.B.
noun	uštannuḫ	ōšt+a+nn+ō+ġe	Held, heldenhaft
noun	uštašši	ošt+a+šše	Heldentum
noun	uštiḫi	ošt+i+ġe	Erhebung?
noun	uštit	uštedi	u.B.
noun	ušti	ūšte	u.B.
noun	ušumi	užumi	u.B.
noun	ušunni	už+o+nni	u.B.
noun	ušunn	už+o+nni	u.B.
noun	ušun	už+o+ni	u.B.
noun	usuwakkuri	uzuwakkuri	u.B.
noun	usuwakkur	uzuwakkuri	u.B.
noun	uš	uw+o+že	u.B.
noun	uš	uže	Fleisch?
noun	uš	uži	u.B.
noun	utatil	udadeli	u.B.
noun	utḫari	utḫari	Zeichen?
noun	utḫar	utḫari	Zeichen?
noun	utḫišin	utḫižini	u.B.
noun	utḫiši	utḫ+i+že	u.B.
noun	utipšari	Odip.šarri	PN
noun	utipšarra	Udip.šarra	PN
noun	utipšarr	Odip.šarri	PN
noun	utipšarr	Udip.šarra	PN
noun	utki	ūt+ki	u.B.
noun	utni	udni	u.B.
noun	utn	udni	u.B.
noun	UTU-kai	Šimiga+i	DN
noun	UTU-ka	Šimiga	DN
noun	UTU-ki	Šimige	DN
noun	UTU-k	Šimige	DN
noun	UTU-mika	Šimiga	DN
noun	UTU	Šimige	DN
noun	uwallinni	uw+all+i+nni	u.B.
noun	uwallinn	uw+all+i+nni	u.B.
noun	uwalli	uwalli	u.B.
noun	uwall	uwalli	u.B.
noun	uwarinn	uw+ar+i+nni	Bäcker
noun	uwiri	uwīri	u.B.
noun	uwir	uwīri	u.B.
noun	uwittan	uw+ett+a+ni	u.B.
noun	uwi	uwi	Brot
noun	uwi	uwi	u.B.
noun	uwun	uw+o+ni	Brot?
noun	uw	uwi	Brot
noun	ZAG-	fand+a+ni	recht, rechte Seite
noun	ZAG-i	fandi	recht, rechte Seite
noun	ZAG-n	fand+a+ni	recht, rechte Seite
noun	ZAG-ni	fand+a+ni	recht, rechte Seite
noun	ZAG-t	fandi	recht, rechte Seite
noun	ZAGt	fandi	recht, rechte Seite
noun	ZAG-ti	fandi	recht, rechte Seite
noun	ZÍ-	ažne	Gallenblase
noun	ZÍ-ni	ažne	Gallenblase
noun	ZÍni	ažne	Gallenblase
noun	ZUEN-uḫ	Kužuġ	DN
NUM	1-EN	šokko	eins; einer
NUM	2-EN	šine	zwei
NUM	2-ni	šine	zwei
NUM	2	šine	zwei
NUM	2-ši	šin+ze	zweiter
NUM	2-ŠU	šine	zwei
NUM	4	tomni	vier
NUM	6	6KAM	sechster
NUM	7-i	šindi	sieben
NUM	imani	emani	zehn
NUM	imanši	eman+že	zehnter
NUM	imašši	eman+že	zehnter
NUM	immansi	eman+že	zehnter
NUM	kikii	kīge	drei
NUM	kiki	kīge	drei
NUM	kik	kīge	drei
NUM	kirman	kir+man	achtzehn
NUM	kirmansi	kir+mān+ze	achtzehnter
NUM	kiški	keški	dritter
NUM	narišši	nāri+šše	fünfter
NUM	nupi	nubi	zehntausend
NUM	šin	šine	zwei
NUM	šinsi	šin+ze	zweiter
NUM	šins	šin+ze	zweiter
NUM	šintai	šindai	sieben
NUM	šinti	šindi	sieben
NUM	šintišši	šēnde+šše	siebter
NUM	šintišuw	šindi+ž+ūwi	siebter
NUM	šint	šindi	sieben
NUM	šišii	šēžē	sechs
NUM	šiši	šēžē	sechs
NUM	šiš	šēžē	sechs
NUM	šišši	šēš+še	sechster
NUM	šukk	šokko	eins; einer
NUM	šukku	šokko	eins; einer
NUM	šuk	šugi	eins
NUM	tamri	tamri	neun
NUM	tamr	tamri	neun
NUM	tummušši	tōmmo+šše	vierter
NUM	tumn	tomni	vier
POST	api	avi	vor
POST	iki	egi	mitten
POST	ištani	ištani	in
PREP	api	avi	vor
PREP	appi	avi	vor
PREP	iki	egi	in
PREP	ištani	ištani	in
PREP	ištaniš	ištani	in
PREP	ištini	išteni	in
PREP	ištiniš	išteni	in
PREP	ŠÈ	ŠÈ	nach; zu
PRON	ak	agi	PRON.ALT
PRON	aki	agi	PRON.ALT
PRON	akki	ākki	PRON.ALT
PRON	aku	ago	PRON.ALT
PRON	an	an	PRON.DEM
PRON	ani	ane	PRON.ANAPH?
PRON	anni	anni	PRON.DEM
PRON	anti	andi	PRON.ANAPH
PRON	api	ave	wer; jeder
PRON	apii	ave	wer; jeder
PRON	awuni	aunni	was
PRON	iš	iž	1PRON.SG
PRON	išti	ište	1PRON.SG
PRON	iti	idi	selbst
PRON	mana	mān+a	PRON.INDF
PRON	manii	mānne	3PRON
PRON	mani	māne	3PRON
PRON	man	man	3PRON
PRON	manni	mānne	3PRON
PRON	manu	manu	3PRON
PRON	pi	fē	2PRON
PRON	šatti	šatti	1PRON.PL
PRON	širi	šeri	jeder
PRON	š	šo	1PRON
PRON	šui	šōe	alle; ganz
PRON	šu	šo	1PRON
PRON	uli	oli	anderer
PRON	ul	oli	anderer
unclear	akull	agūlli	u.B.
unclear	am	ām	u.B.
unclear	annu	ānnu	u.B.
unclear	ašḫinpalla	ašḫ+inballa	opfern
unclear	ḫiir	ḫēr	u.B.
unclear	iani	īani	u.B.
unclear	ilul	el+ol	u.B.
unclear	ippiraš	ēppiraž	u.B.
unclear	kaššui	kāššui	u.B.
unclear	pirš	pirž	u.B.
unclear	piršuniana	piržuniana	u.B.
unclear	šaiun	šāion	u.B.
unclear	šaiun	šāiōn	u.B.
unclear	sarrutiataš	sarrudiadaž	u.B.
unclear	širš	šerž	u.B.
unclear	suss	suss	u.B.
unclear	šuwanilam	šuwanilam	u.B.
unclear	šuwanulam	šuwanolam	u.B.
unclear	tipa	tiba	u.B.
unclear	ti	ti	u.B.
verb	a	a	u.B.
verb	aḫarš	aġarž	u.B.
verb	aḫ	aʾ	u.B.
verb	aḫra	aġrā	weihräuchern
verb	aḫr	āġr	weihräuchern
verb	aḫurš	aġurž	u.B.
verb	ak	ag	aufnehmen; aufrichten; erheben; heraufkommen
verb	ak	ag	u.B.
verb	akarḫ	ag+ar+ġ	u.B.
verb	akum	agumi	u.B.
verb	akušk	ag+ušk	u.B.
verb	al	al	sprechen
verb	al	al	trinken; tränken
verb	al	al	u.B.
verb	al	alu	sprechen
verb	alḫ	alġ	u.B.
verb	ali	alē	heranreichen lassen; sich nähern
verb	alilan	al+il+an	jammern; beklagen; schreien
verb	all	all	u.B.
verb	alp	ālb	u.B.
verb	alp	ālv	u.B.
verb	als	alz	u.B.
verb	alt	ald	u.B.
verb	alu	alu	sprechen
verb	aluw	alu	sprechen
verb	am	am	ansehen
verb	am	am	u.B.
verb	am	am	verbrennen
verb	amm	amm	erreichen; gelangen lassen
verb	amp	āmb	brennen; verbrennen
verb	amurš	amurž	u.B.
verb	amut	am+ud	u.B.
verb	ana	ana	sich freuen; erfreuen
verb	an	an	sich freuen
verb	an	an	u.B.
verb	ans	anz	u.B.
verb	anš	anz	u.B.
verb	ap	ab	u.B.
verb	apart	ab+ar+d	u.B.
verb	ap	av	u.B.
verb	apušk	ab+ušk	retten
verb	ar	ar	geben
verb	ar	ar	u.B.
verb	arm	arm	u.B.
verb	arn	arn	u.B.
verb	arp	ārb	u.B.
verb	art	ard	u.B.
verb	aš	až	abwischen, reinigen
verb	as	az	u.B.
verb	aš	až	u.B.
verb	ašḫ	āšḫ	opfern
verb	ašḫušiašši	ašḫ+ož+i+a+šše	Opfermandant
verb	aši	aži	u.B.
verb	ašk	ašk	fragen?; zur Rede stellen?
verb	ašn	āžn	u.B.
verb	ašr	āžr	u.B.
verb	ašš	āšš	(ab)waschen, reinigen
verb	ašš	āšš	u.B.
verb	aššusuri	aššuzuri	u.B.
verb	ašta(-)nut	nūd	u.B.
verb	ašt	ašt	u.B.
verb	ašuš	až+ož	abwischen
verb	at	ad	herabkommen?; herabbringen?
verb	at	ad	u.B.
verb	att	att	u.B.
verb	aʾ	aʾ	u.B.
verb	BA.ÚŠ	BA.ÚŠ	sterben (lassen)
verb	BA.ÚŠ-t	BA.ÚŠ+d	sterben
verb	ḫa	ḫa	nehmen
verb	ḫaḫm	ḫaġm	u.B.
verb	ḫai	ḫa	nehmen
verb	ḫal	ḫal	u.B.
verb	ḫal	ḫāl	wegtragen
verb	ḫamas	ḫamaz	bedrücken?
verb	ḫamm	ḫamm	u.B.
verb	ḫammussul	ḫamm+uss+o+l	u.B.
verb	ḫams	ḫamz	bedrücken?
verb	ḫams	ḫamz	u.B.
verb	ḫan	ḫān	gebären
verb	ḫan	ḫan	u.B.
verb	ḫann	ḫann	u.B.
verb	ḫapan	ḫabān	überwechseln
verb	ḫap	ḫāb	u.B.
verb	ḫapš	ḫapš	werfen?
verb	ḫar	ḫār	u.B.
verb	ḪARn	ḫarn	u.B.
verb	ḪARn	ḫurn	u.B.
verb	ḪARn	murn	u.B.
verb	ḪARp	ḫarb	u.B.
verb	ḪARp	Ḫarvi	DN
verb	ḪARp	ḫurb	u.B.
verb	ḪARp	murb	u.B.
verb	ḫaš	ḫāš	salben
verb	ḫaš	ḫaž	hören
verb	ḫaš	ḫaž	hören?
verb	ḫaš	ḫāž	salben
verb	ḫaš	ḫaž	u.B.
verb	ḫaš	ḫāž	u.B.
verb	ḫašt	ḫāšt	u.B.
verb	ḫatḫ	ḫatḫ	einbrechen
verb	ḫatn	ḫadn	u.B.
verb	ḫaws	ḫauz	u.B.
verb	ḫ	ḫa	nehmen
verb	ḫi	ḫē	u.B.
verb	ḫil	ḫēl	u.B.
verb	ḫil	ḫill	mitteilen
verb	ḫil	ḫil	u.B.
verb	ḫill	ḫill	mitteilen
verb	ḫilt	ḫild	u.B.
verb	ḫimsatḫ	ḫimz+a+tḫ	gürten
verb	ḫims	ḫimz	binden; sich gürten
verb	ḫinsat	ḫenz+ād	verschuldet sein?
verb	ḫins	ḫenz	schulden?
verb	ḫip	ḫeb	u.B.
verb	ḫip	ḫiv	u.B.
verb	ḫipr	ḫibr	u.B.
verb	ḫir	ḫēr	u.B.
verb	ḫir	ḫir	u.B.
verb	ḫirp	ḫirb	binden
verb	ḫišal	ḫež+āl	nackt sein
verb	ḫiš	ḫēž	u.B.
verb	ḫiš	ḫīž	u.B.
verb	ḫišm	ḫižm	glänzen
verb	ḫišš	ḫešš	u.B.
verb	ḫit	ḫīd	u.B.
verb	ḫu	ḫō	rufen
verb	ḫui	ḫō	rufen
verb	ḫuini(-)ipa(-)nipp	nipp	u.B.
verb	ḫul	ḫōl	u.B.
verb	ḫul	ḫul	u.B.
verb	ḫull	ḫull	u.B.
verb	ḫulm	ḫulm	u.B.
verb	ḫult	ḫuld	u.B.
verb	ḫumm	ḫōmm	u.B.
verb	ḫumn	ḫōmn	u.B.
verb	ḫup	ḫōb	u.B.
verb	ḫup	ḫōb	zerbrechen
verb	ḫup	ḫōp	u.B.
verb	ḫup	ḫub	zerbrechen
verb	ḫup	ḫup	verglimmen?
verb	ḫupl	ḫubl	verschließen?
verb	ḫuppat	ḫupp+ad	u.B.
verb	ḫupš	ḫupš	u.B.
verb	ḫupt	ḫōpt	u.B.
verb	ḫura	ḫōra	u.B.
verb	ḫur	ḫōr	u.B.
verb	ḫur	ḫur	u.B.
verb	ḫurr	ḫōrr	u.B.
verb	ḫurt	ḫurd	u.B.
verb	ḫuš	ḫōš	u.B.
verb	ḫuš	ḫōž	binden
verb	ḫuš	ḫōž	u.B.
verb	ḫuš	ḫūž	binden?
verb	ḫuš	ḫuž	u.B.
verb	ḫušt	ḫōšt	u.B.
verb	ḫutḫ	ḫutḫ	preisen
verb	ḫut	ḫōd	beten; preisen; segnen
verb	ḫutirna(-)aš(-)t	ašt	u.B.
verb	ḫutirna(-)aš(-)tuḫ	tōġ	u.B.
verb	ḫutit	ḫōd	beten; preisen; segnen
verb	ḫuw	ḫō	rufen
verb	ḫuwi(-)ka	ka	u.B.
verb	ḫuwi(-)kaut	ḫō	rufen
verb	iḫ	iġ	u.B.
verb	iḫipš	eġ+epš	lähmen?
verb	iḫl	eġl	retten
verb	i	i	u.B.
verb	ik	eg	rein sein; reinigen
verb	ik	eg	u.B.
verb	ik	ig	u.B.
verb	ikip	egib	u.B.
verb	ikušš	eg+o+šš	rein sein / machen
verb	il	il	u.B.
verb	ill	ell	u.B.
verb	ill	īll	u.B.
verb	iman	eman	zehnmal machen?
verb	imp	imb	u.B.
verb	in	en	u.B.
verb	inḫ	inġ	u.B.
verb	in	in	u.B.
verb	inn	inn	u.B.
verb	int	ind	u.B
verb	inut	en+ud	u.B.
verb	ip	ib	u.B.
verb	ip	iv	u.B.
verb	ipr	ēvr	u.B.
verb	ipr	ibr	u.B.
verb	ir	er	gedeihen lassen
verb	ir	ēr	u.B.
verb	irḫ	erġ	u.B.
verb	iril	erel	u.B.
verb	ir	ir	u.B.
verb	irn	ērn	u.B.
verb	irn	irn	gleich sein
verb	irš	irž	u.B.
verb	irt	ērd	u.B.
verb	irt	ird	u.B.
verb	išašk	iž+ašk	u.B.
verb	iš	ež	u.B.
verb	išḫ	ēšḫ	u.B.
verb	iš	iž	jammern; klagen
verb	iš	iž	u.B.
verb	išk	išk	u.B.
verb	iss	iss	u.B.
verb	ištani	ištani	u.B.
verb	išt	ištani	u.B.
verb	išt	išt	u.B.
verb	it	ed	u.B.
verb	it	id	schlagen
verb	it	id	schlagen?
verb	it	id	u.B.
verb	itk	itk	reinigen
verb	itt	itt	gehen
verb	itt	itt	kleiden
verb	kal	kāl	u.B.
verb	kalp	kalb	u.B.
verb	kals	kalz	u.B.
verb	kamp	kamv	u.B.
verb	kanak	kan+āg	u.B.
verb	kans	kanz	u.B.
verb	kap	kāv	u.B.
verb	kapl	kabl	u.B.
verb	kapp	kapp	aufschütten
verb	kapš	kapš	u.B.
verb	karapt	kar+apt	u.B.
verb	kar	kar	u.B.
verb	kaš	kaš	u.B.
verb	kas	kāz	u.B.
verb	kaš	kāž	u.B.
verb	kašl	kažl	stark sein
verb	kašt	kašt	u.B.
verb	katiti	kad+idi	u.B.
verb	kat	kad	sagen; sprechen
verb	kat	kad	u.B.
verb	katt	katt	u.B.
verb	ki	ke	setzen; stellen; legen
verb	ki	ki	u.B.
verb	kik	kig	u.B.
verb	kikk	kikk	u.B.
verb	kilan	kil+ān	hochragen
verb	kilan	kil+ān	u.B.
verb	kilikil	keli+gel	hochlegen
verb	kil	kēl	wohl sein; wohl machen
verb	kil	kil	sich erheben?
verb	kil	kil	u.B.
verb	kilun	kil+ōn	sich erheben?
verb	kin	kin	u.B.
verb	kinn	kēnn	u.B.
verb	kinn	kinn	u.B.
verb	kip	kev	setzen; stellen; legen
verb	kip	kib	u.B.
verb	kip	kip	u.B.
verb	kipt	kipt	u.B.
verb	kirašš	kir+ašš	lang / dauerhaft machen
verb	kir	ker	lang / dauerhaft sein
verb	kir	kēr	u.B.
verb	kir	kir	freilassen
verb	kir	kir	u.B.
verb	kišḫ	kešḫ	thronen
verb	kišši(-)tamašš	kišš	u.B.
verb	kiss	kiss	u.B.
verb	kišš	kišš	u.B.
verb	kit	kēd	u.B.
verb	k	ke	setzen; stellen; legen
verb	kuk	kūg	u.B.
verb	kulikk	kōlēkki	u.B.
verb	kul	kol	ablassen; beiseite lassen
verb	kul	kul	sprechen
verb	kul	kul	u.B.
verb	kul	mal	u.B.
verb	kulmi(-)ḫ	ḫō	rufen
verb	kulmi(-)ḫušt	ḫušt	u.B.
verb	kulm	kōlm	u.B.
verb	kulm	kulm	tief sein?
verb	kulm	kulm	u.B.
verb	kulump	kul+u+mb	u.B.
verb	kum	kōm	u.B.
verb	kuns	kunz	verbeugen
verb	kunt	kund	u.B.
verb	kup	kub	u.B.
verb	kur	kōr	u.B.
verb	kur	kur	erwidern
verb	kur	kur	u.B.
verb	kus	kuz	u.B.
verb	kušš	kušš	u.B.
verb	kutk	kutk	u.B.
verb	kut	kud	fallen; niederwerfen
verb	kutkut	kut+kūd	u.B.
verb	maḫ	maġ	u.B.
verb	makp	makp	u.B.
verb	mal	mal	u.B.
verb	mal	māl	u.B.
verb	mann	mānn	sein
verb	mar	mar	erkranken?
verb	mar	mar	u.B.
verb	mar	mār	u.B.
verb	marut	marudi	u.B.
verb	mas	maz	helfen
verb	maš	maž	u.B.
verb	mass	mass	u.B.
verb	matl	madl	u.B.
verb	mat	mad	u.B.
verb	mat	mād	weise sein / machen
verb	miḫ	meġ	hintreten
verb	miḫ	miġ	u.B.
verb	mik	mēg	u.B.
verb	mik	mig	u.B.
verb	milaḫḫ	mel+aḫḫ	vertreiben
verb	mil	mil	u.B.
verb	mil	mil	vertreiben
verb	min	min	u.B.
verb	mip	mēb	u.B.
verb	mir	mēr	u.B.
verb	mir	mīr	u.B.
verb	mirš	mirž	u.B.
verb	mitimt	mid+im+d	u.B.
verb	mitk	mitk	u.B.
verb	mit	mid	u.B.
verb	munḫ	munġ	u.B.
verb	mun	mun	u.B.
verb	munt	mund	u.B.
verb	murḫ	murġ	u.B.
verb	mur	mor	u.B.
verb	muš	mūž	bereiten; ordnen
verb	naḫḫ	naḫḫ	sich setzen; sitzen; einsetzen
verb	naḫ	naġ	u.B.
verb	naḫ	naḫḫ	sich setzen; sitzen; einsetzen
verb	naḫull	naġ+oll	u.B.
verb	nakk	nakk	freilassen; gewähren
verb	nak	nak	u.B.
verb	nakt	nakt	u.B.
verb	nalm	nālm	u.B.
verb	nal	nāl	u.B.
verb	na	nā	weiden
verb	nan	nān	schlagen
verb	nap	nāb	sterben
verb	nap	nab	u.B.
verb	nap	nāb	u.B.
verb	nap	nav	u.B.
verb	nap	nav	weiden
verb	naš	naž	u.B.
verb	našp	našp	u.B.
verb	nik	nig	u.B.
verb	nilḫ	nelġ	u.B.
verb	nil	nēl	u.B.
verb	nil	nil	u.B.
verb	nin	nīn	u.B.
verb	nipalp	nībalb	u.B.
verb	nip	niv	schreiben?
verb	nirḫ	nirġ	u.B.
verb	nir	nēr	gut sein; gut machen
verb	nir	nēr	u.B.
verb	nir	nir	u.B.
verb	NU.GÁL-	NU.GÁL	nicht sein
verb	nul	nul	u.B.
verb	num	nūm	u.B.
verb	nu	nū	u.B.
verb	nurp	nurb	u.B.
verb	nut	nūd	u.B.
verb	(-)paaš	faž	eintreten; eintreten lassen
verb	pa	fa	u.B.
verb	paḫ	faġ	zerstören
verb	paḫ	paġ	u.B.
verb	paḫ	pāġ	u.B.
verb	paḫ	pāġ	zerstören
verb	paḫr	faġr	gut sein; gut machen
verb	pail	fael	u.B.
verb	pal	fal	u.B.
verb	pal	pal	kennen; wissen
verb	pal	pal	u.B.
verb	pan	fan	hochheben?
verb	pant	fand	recht sein; richtig sein
verb	pa	pa	bauen
verb	par	fār	u.B.
verb	park	parg	u.B.
verb	parn	parn	reinigen?
verb	par	par	anlocken?
verb	par	pār	losgehen; einziehen
verb	par	par	u.B.
verb	par	pār	u.B.
verb	paš	faž	eintreten; eintreten lassen
verb	paš	fāž	u.B.
verb	paš	pāž	u.B.
verb	pašš	fašš	schicken
verb	pašš	fašš	u.B.
verb	pašš	pašš	schicken
verb	pass	pass	u.B.
verb	pašt	fašt	u.B.
verb	pat	fad	u.B.
verb	patk	patk	u.B.
verb	patn	padn	u.B.
verb	piar	pīar	u.B.
verb	pi	fi	u.B.
verb	piḫḫ	fēḫḫ	u.B.
verb	piḫ	pēġ	u.B.
verb	piḫ	piġ	u.B.
verb	pikk	fikk	u.B.
verb	pik	pig	u.B.
verb	pil	fēl	u.B.
verb	pill	fēll	u.B.
verb	pils	felz	u.B.
verb	pin	fēn	u.B.
verb	pin	fin	u.B.
verb	pin	pen	hochheben
verb	pin	pen	u.B.
verb	pin	pin	hochheben
verb	pin	pin	hochheben?
verb	pint	pend	zurückkehren; zurückbringen
verb	pip	fīb	u.B.
verb	pir	fir	lösen
verb	pirpir	fir+fir	lösen
verb	pirpir	fir+vir	lösen
verb	pir	pir	u.B.
verb	pirr	pirr	u.B.
verb	pirš	pērž	u.B.
verb	pirš	pirž	lösen?
verb	pišḫ	pišḫ	u.B.
verb	pišišḫ	piž+ešḫ	ausspeien
verb	piš	pēž	u.B.
verb	pit	fēd	u.B.
verb	pitp	fitf	u.B.
verb	pit	pid	u.B.
verb	pituḫ	pēd+uġ	drehen; zurückwenden; zurückgeben
verb	pituḫ	pid+uġ	u.B.
verb	pitupp	pid+uff	sich drehen
verb	p	pa	bauen
verb	puk	fog	u.B.
verb	pukl	fogl	versammeln
verb	puk	pōg	u.B.
verb	pukul	fogl	versammeln
verb	pur	for	sehen
verb	pur	fūr	sehen?
verb	purḫ	purġ	u.B.
verb	purumt	pōr+umd	u.B.
verb	pusiḫ	pūz+iġ	eintauchen
verb	puss	pōss	u.B.
verb	puss	puss	u.B.
verb	pušš	pušš	u.B.
verb	putank	pūd+ang	ankündigen
verb	put	fud	waschen, reinigen
verb	puuk	fog	u.B.
verb	šaḫl	šāġl	u.B.
verb	šak	šag	u.B.
verb	šalḫ	šalġ	hören auf
verb	šalp	šalb	u.B.
verb	sal	sal	u.B.
verb	šal	šāl	u.B.
verb	sammal	samm+al	abreißen
verb	šamm	šamm	u.B.
verb	sanak	sanag	u.B.
verb	san	san	u.B.
verb	šapal	šāv+al	einsteigen?
verb	sapl	sabl	u.B.
verb	šapl	šabl	u.B.
verb	šapp	šapp	u.B.
verb	šap	šab	u.B.
verb	šap	šāv	einsteigen?
verb	sap	sav	u.B.
verb	šapt	šap+t	u.B.
verb	šapt	šapt	u.B.
verb	šarr	šarr	u.B.
verb	sarru	sarruw	u.B.
verb	šar	šār	u.B.
verb	šar	šār	wünschen
verb	ša	šā	u.B.
verb	sas	sāz	u.B.
verb	šaš	šaž	u.B.
verb	sas	sāz	verköstigen
verb	saš	sāz	verköstigen
verb	sass	sāss	u.B.
verb	šatn	šadn	u.B.
verb	šat	šad	ersetzen
verb	šatt	šātt	ergreifen
verb	š	eġ+epš	lähmen?
verb	šial	šēal	u.B.
verb	šial	šial	u.B.
verb	šiḫal	šeġal	rein sein; reinigen
verb	šiḫils	šiġil+z	u.B.
verb	šiḫir	šeġer	lebendig machen?
verb	šiḫl	šeġ+l	eintreten
verb	šiḫl	šeġl	rein sein
verb	šiḫr	šeġr	angenehm / großzügig sein
verb	šiḫr	šeġr	lebendig machen?
verb	šiḫr	šeġr	u.B.
verb	šiḫ	šēġ	eintreten
verb	šiḫ	šīġ	u.B.
verb	šiḫur	šeġōr	lebendig machen?
verb	sikal	sig+al	u.B.
verb	sikk	sikk	zerbrechen
verb	sik	sīg	u.B.
verb	šik	šīg	u.B.
verb	šill	šīll	u.B.
verb	silman	silm+an	zerbrechen
verb	šilp	šelb	u.B.
verb	šil	šel	u.B.
verb	šil	šil	u.B.
verb	šil	šīl	u.B.
verb	šilt	šild	u.B.
verb	šilumutḫ	šil+um+ō+tḫ	u.B.
verb	šinamḫ	šen+am+ġ	verdoppeln?
verb	šin	šēn	u.B.
verb	šin	šin	zu zweit sein?; sich zusammentun?
verb	šint	šend	u.B.
verb	šint	šind	u.B.
verb	sipis	sib+iz	u.B.
verb	šip	šeb	u.B.
verb	sip	sib	u.B.
verb	šip	šib	u.B.
verb	širat	šir+ad	erzählen
verb	širn	šīrn	u.B.
verb	širp	šerb	u.B.
verb	šir	šer	u.B.
verb	šir	šēr	u.B.
verb	šir	šer	zugrunde richten
verb	šir	šīr	genügen; entsprechen
verb	šir	šīr	u.B.
verb	ši	šē	u.B.
verb	ši	šī	beobachten
verb	ši	šī	u.B.
verb	šiš	šēž	u.B.
verb	siss	siss	u.B.
verb	šišt	šēšt	u.B.
verb	sitk	sitk	u.B.
verb	šit	šid	verfluchen
verb	šiw	šī	beobachten
verb	šiw	šī	u.B.
verb	šiw	šīw	u.B.
verb	š	šī	beobachten
verb	š	šī	u.B.
verb	š	šu	u.B.
verb	šuḫḫ	šūḫḫ	u.B.
verb	šuḫ	šōġ	u.B.
verb	šuḫ	šōḫḫ	u.B.
verb	šuḫ	šōʾ	u.B.
verb	šuḫ	šuʾ	u.B.
verb	šukart	šug+ārd	vereinen?
verb	sukasuk	suga+zūg	u.B.
verb	šukk	šokk	eins sein
verb	sukk	sukk	u.B.
verb	šukk	šukk	u.B.
verb	šukkutt	šukk+utt	u.B.
verb	sukm	sugm	hereinkommen
verb	šuk	šug	eins sein
verb	suk	sugi	u.B.
verb	suk	sūg	klein sein?
verb	suk	sug	u.B.
verb	šull	šull	u.B.
verb	šul	šōl	u.B.
verb	sul	sūl	binden
verb	šul	šul	u.B.
verb	sulut	sul+ud	lösen
verb	šumk	šumg	u.B.
verb	šumm	šomm	komplett sein?
verb	šummun	šummun	aushändigen?
verb	šum	šum	u.B.
verb	šunḫ	šunġ	u.B.
verb	šun	šōn	u.B.
verb	supn	subn	u.B.
verb	sup	sub	u.B.
verb	šup	šub	u.B.
verb	šup	šūp	u.B.
verb	šupt	šūpt	u.B.
verb	šurp	šurb	u.B.
verb	šurr	šōrr	eilen?
verb	šurr	šōrr	u.B.
verb	šurr	šurr	eilen
verb	sur	sōr	u.B.
verb	šur	šōr	u.B.
verb	šur	šūr	abstechen
verb	sur	sur	u.B.
verb	šur	šūr	u.B.
verb	šušk	šušk	aufsteigen?
verb	šu	šō	füllen
verb	su	sō	u.B.
verb	šu	šō	u.B.
verb	šu	šu	u.B.
verb	ŠÚ	ŠÚ	umwölken
verb	šut	šōd	u.B.
verb	ŠÚ-t	ŠÚ	umwölken
verb	šuw	šu	u.B.
verb	šuw	šūw	u.B.
verb	taḫ	tāġ	u.B.
verb	tak	tag	hell / makellos sein; leuchten
verb	talaḫḫ	tal+āḫḫ	herausziehen
verb	talamt	talam+d	groß machen
verb	talm	talm	groß sein / machen
verb	talmup	talmōv	groß werden
verb	tal	tal	herausziehen
verb	tal	tāl	u.B.
verb	tamp	tamb	u.B.
verb	tamr	tamr	u.B.
verb	tanp	tanb	u.B.
verb	ta+n	tān	machen
verb	tan	tān	machen
verb	tapḫ	tapḫ	u.B.
verb	tapp	šapp	u.B.
verb	tapp	tapp	befestigen
verb	tapr	tabr	u.B.
verb	tapš	tapš	ausgießen?
verb	taps	taps	u.B.
verb	tapš	tāpš	u.B.
verb	tapš	tapš	überschreiten
verb	tap	tab	u.B.
verb	tap	tap	u.B.
verb	tap	tav	gießen
verb	tap	tav	u.B.
verb	tapt	tapt	u.B.
verb	tarm	šārm	u.B.
verb	tarm	tārm	u.B.
verb	tarn	tarn	u.B.
verb	tarp	tarb	u.B.
verb	tarr	tarr	u.B.
verb	tar	tār	u.B.
verb	taš	taž	hinzufügen?
verb	taš	tāž	u.B.
verb	tata(-)ḫat	ḫād	u.B.
verb	tati(-)ḫat	ḫād	u.B.
verb	tat	tad	lieben
verb	tatt	tatt	u.B.
verb	taw	tā	u.B.
verb	tiḫḫ	tiḫḫ	u.B.
verb	tiḫp	teḫp	u.B.
verb	tiḫr	teġr	u.B.
verb	tiḫ	teġ	heranwachsen
verb	tiḫ	teḫ	u.B.
verb	tiḫt	teḫ+t	u.B.
verb	til	tel	u.B.
verb	til	tel	vermehren
verb	til	til	u.B.
verb	tilul	til+ol	zertreten; zerstampfen
verb	timm	temm	u.B.
verb	tip	tiv	sprechen
verb	tip	tiv	u.B.
verb	tip	tīv	u.B.
verb	tir	tīr	u.B.
verb	tišš	tešš	u.B.
verb	tiš	tež	u.B.
verb	tis	tiz	u.B.
verb	tiš	tīž	u.B.
verb	titi	tī+di	u.B.
verb	tit	tīd	angreifen
verb	tit	tid	u.B.
verb	tit	tīd	zählen
verb	titt	titt	u.B.
verb	t	te	sprechen
verb	tuḫ	tōġ	u.B.
verb	tuk	tug	u.B.
verb	tull	tōll	u.B.
verb	tul	tōl	u.B.
verb	tump	tōmv	u.B.
verb	tun	ton	ausstatten
verb	tun	tūn	vermögen; überwinden
verb	tunuš	tōn+o+že	u.B.
verb	tunuw	tūnuw	u.B.
verb	tupḫ	tupḫ	u.B.
verb	tupširi	tupš+i+re	u.B.
verb	tupš	topš	beschwören?
verb	tupš	tōpš	u.B.
verb	tupš	tupš	u.B.
verb	tup	tōb	beschwören
verb	turp	torv	feindlich sein?
verb	tur	tūr	hinabgehen
verb	tur	tur	u.B.
verb	tuw	tū	kochen?
verb	uitt	uw+ētt	hungrig sein
verb	ukk	ukk	u.B.
verb	ukulkar	ug+ol+gar	niederknien
verb	ukulk	ugulg	u.B.
verb	ukuls	ug+ol+z	niederknien
verb	ulan	ul+ān	fressen
verb	ull	oll	zurückhalten; niederdrücken
verb	ulluḫ	oll+uġ	abwischen; niederdrücken
verb	ulm	ōlm	u.B.
verb	ul	ol	u.B.
verb	ul	ul	u.B.
verb	umm	umm	stehen
verb	umm	umm	u.B.
verb	ump	tupp	bleiben; versammeln
verb	ump	umb	u.B.
verb	unt	ōnd	u.B.
verb	un	un	kommen; bringen
verb	upš	ūpš	mähen?; ernten?
verb	up	ub	töten; schlachten
verb	up	ub	u.B.
verb	urḫ	ūrġ	wahr sein
verb	ur	or	u.B.
verb	urt	ōr+d	u.B.
verb	ur	ur	existieren
verb	ur	ur	u.B.
verb	ur	ur	wünschen
verb	ur	ur	zeigen
verb	ušḫ	ušḫ	u.B.
verb	 (-)ušš	ōšš	gehen
verb	ušš	ōšš	gehen
verb	ušš	ōšš	u.B.
verb	uštann	ōšt+ann	heldenhaft machen?
verb	ušt	ošt	aufstehen; erheben; fortbringen; herausgehen
verb	uš	už	u.B.
verb	ut	ud	u.B.
verb	u	uw	essen
verb	uw	ub	töten; schlachten
verb	uw	uw	essen
